
(Renode:245016): Gdk-CRITICAL **: 21:05:55.904: gdk_keymap_get_for_display: assertion 'GDK_IS_DISPLAY (display)' failed
21:05:55.9093 [WARNING] Couldn't start UI - falling back to console mode
21:05:56.1937 [INFO] Loaded monitor commands from: /opt/renode/scripts/monitor.py
[0mRenode, version 1.16.1 (d66b0c2a-202602160923)

[31;1m(monitor) [0mi $CWD/renode/mnv2_depthwise.resc
21:05:56.3065 [INFO] Including script(s): /home/sasmitha-jayasinghe/Documents/github/depthwsie/mnv2_depthwise_phase9c/renode/mnv2_depthwise.resc
21:05:56.3201 [INFO] System bus created.
21:05:56.6849 [WARNING] Method HandleMainMessage is marked with Export attribute, but was not exported.
21:05:56.6850 [WARNING] Method Receive is marked with Export attribute, but was not exported.
21:05:56.8198 [INFO] sysbus: Loading block of 1342 bytes length at 0x80000000.
21:05:56.8382 [INFO] cpu: Setting PC value to 0x80000000.
Starting emulation...
21:05:56.8453 [INFO] mnv2_depthwise_phase9b: Machine started.
21:05:56.8858 [INFO] uart: [host: 43.13ms (+43.13ms)|virt: 0.1ms (+0.1ms)] 
21:05:56.9040 [INFO] uart: [host: 61.68ms (+18.55ms)|virt: 0.4ms (+0.3ms)] MNv2 Depthwise Phase 10
[RENODE] execute fn=0 data0=00000000 data1=00000001
[CFU] execute fn=0 data0=00000000 data1=00000001
[CFU] delayed response=00000000
[RENODE] result=00000000 error=0
[RENODE] execute fn=0 data0=00000001 data1=00000001
[CFU] execute fn=0 data0=00000001 data1=00000001
[CFU] delayed response=00000000
[RENODE] result=00000000 error=0
[RENODE] execute fn=0 data0=00000002 data1=00000001
[CFU] execute fn=0 data0=00000002 data1=00000001
[CFU] delayed response=00000000
[RENODE] result=00000000 error=0
[RENODE] execute fn=0 data0=00000003 data1=00000001
[CFU] execute fn=0 data0=00000003 data1=00000001
[CFU] delayed response=00000000
[RENODE] result=00000000 error=0
[RENODE] execute fn=0 data0=00000004 data1=00000001
[CFU] execute fn=0 data0=00000004 data1=00000001
[CFU] delayed response=00000000
[RENODE] result=00000000 error=0
[RENODE] execute fn=0 data0=00000005 data1=00000001
[CFU] execute fn=0 data0=00000005 data1=00000001
[CFU] delayed response=00000000
[RENODE] result=00000000 error=0
[RENODE] execute fn=0 data0=00000006 data1=00000001
[CFU] execute fn=0 data0=00000006 data1=00000001
[CFU] delayed response=00000000
[RENODE] result=00000000 error=0
[RENODE] execute fn=0 data0=00000007 data1=00000001
[CFU] execute fn=0 data0=00000007 data1=00000001
[CFU] delayed response=00000000
[RENODE] result=00000000 error=0
[RENODE] execute fn=0 data0=00000008 data1=00000001
[CFU] execute fn=0 data0=00000008 data1=00000001
[CFU] delayed response=00000000
[RENODE] result=00000000 error=0
[RENODE] execute fn=0 data0=00000009 data1=00000001
[CFU] execute fn=0 data0=00000009 data1=00000001
[CFU] delayed response=00000000
[RENODE] result=00000000 error=0
[RENODE] execute fn=0 data0=0000000a data1=00000001
[CFU] execute fn=0 data0=0000000a data1=00000001
[CFU] delayed response=00000000
[RENODE] result=00000000 error=0
[RENODE] execute fn=0 data0=0000000b data1=00000001
[CFU] execute fn=0 data0=0000000b data1=00000001
[CFU] delayed response=00000000
[RENODE] result=00000000 error=0
[RENODE] execute fn=0 data0=0000000c data1=00000001
[CFU] execute fn=0 data0=0000000c data1=00000001
[CFU] delayed response=00000000
[RENODE] result=00000000 error=0
[RENODE] execute fn=0 data0=0000000d data1=00000001
[CFU] execute fn=0 data0=0000000d data1=00000001
[CFU] delayed response=00000000
[RENODE] result=00000000 error=0
[RENODE] execute fn=0 data0=0000000e data1=00000001
[CFU] execute fn=0 data0=0000000e data1=00000001
[CFU] delayed response=00000000
[RENODE] result=00000000 error=0
[RENODE] execute fn=0 data0=0000000f data1=00000001
[CFU] execute fn=0 data0=0000000f data1=00000001
[CFU] delayed response=00000000
[RENODE] result=00000000 error=0
[RENODE] execute fn=0 data0=00000010 data1=00000001
[CFU] execute fn=0 data0=00000010 data1=00000001
[CFU] delayed response=00000000
[RENODE] result=00000000 error=0
[RENODE] execute fn=0 data0=00000011 data1=00000001
[CFU] execute fn=0 data0=00000011 data1=00000001
[CFU] delayed response=00000000
[RENODE] result=00000000 error=0
[RENODE] execute fn=0 data0=00000012 data1=00000001
[CFU] execute fn=0 data0=00000012 data1=00000001
[CFU] delayed response=00000000
[RENODE] result=00000000 error=0
[RENODE] execute fn=0 data0=00000013 data1=00000001
[CFU] execute fn=0 data0=00000013 data1=00000001
[CFU] delayed response=00000000
[RENODE] result=00000000 error=0
[RENODE] execute fn=0 data0=00000014 data1=00000001
[CFU] execute fn=0 data0=00000014 data1=00000001
[CFU] delayed response=00000000
[RENODE] result=00000000 error=0
[RENODE] execute fn=0 data0=00000015 data1=00000001
[CFU] execute fn=0 data0=00000015 data1=00000001
[CFU] delayed response=00000000
[RENODE] result=00000000 error=0
[RENODE] execute fn=0 data0=00000016 data1=00000001
[CFU] execute fn=0 data0=00000016 data1=00000001
[CFU] delayed response=00000000
[RENODE] result=00000000 error=0
[RENODE] execute fn=0 data0=00000017 data1=00000001
[CFU] execute fn=0 data0=00000017 data1=00000001
[CFU] delayed response=00000000
[RENODE] result=00000000 error=0
[RENODE] execute fn=0 data0=00000018 data1=00000001
[CFU] execute fn=0 data0=00000018 data1=00000001
[CFU] delayed response=00000000
[RENODE] result=00000000 error=0
[RENODE] execute fn=0 data0=00000019 data1=00000001
[CFU] execute fn=0 data0=00000019 data1=00000001
[CFU] delayed response=00000000
[RENODE] result=00000000 error=0
[RENODE] execute fn=0 data0=0000001a data1=00000001
[CFU] execute fn=0 data0=0000001a data1=00000001
[CFU] delayed response=00000000
[RENODE] result=00000000 error=0
[RENODE] execute fn=0 data0=0000001b data1=00000001
[CFU] execute fn=0 data0=0000001b data1=00000001
[CFU] delayed response=00000000
[RENODE] result=00000000 error=0
[RENODE] execute fn=0 data0=0000001c data1=00000001
[CFU] execute fn=0 data0=0000001c data1=00000001
[CFU] delayed response=00000000
[RENODE] result=00000000 error=0
[RENODE] execute fn=0 data0=0000001d data1=00000001
[CFU] execute fn=0 data0=0000001d data1=00000001
[CFU] delayed response=00000000
[RENODE] result=00000000 error=0
[RENODE] execute fn=0 data0=0000001e data1=00000001
[CFU] execute fn=0 data0=0000001e data1=00000001
[CFU] delayed response=00000000
[RENODE] result=00000000 error=0
[RENODE] execute fn=0 data0=0000001f data1=00000001
[CFU] execute fn=0 data0=0000001f data1=00000001
[CFU] delayed response=00000000
[RENODE] result=00000000 error=0
[RENODE] execute fn=0 data0=00000020 data1=00000001
[CFU] execute fn=0 data0=00000020 data1=00000001
[CFU] delayed response=00000000
[RENODE] result=00000000 error=0
[RENODE] execute fn=0 data0=00000021 data1=00000001
[CFU] execute fn=0 data0=00000021 data1=00000001
[CFU] delayed response=00000000
[RENODE] result=00000000 error=0
[RENODE] execute fn=0 data0=00000022 data1=00000001
[CFU] execute fn=0 data0=00000022 data1=00000001
[CFU] delayed response=00000000
[RENODE] result=00000000 error=0
[RENODE] execute fn=0 data0=00000023 data1=00000001
[CFU] execute fn=0 data0=00000023 data1=00000001
[CFU] delayed response=00000000
[RENODE] result=00000000 error=0
[RENODE] execute fn=0 data0=00000024 data1=00000001
[CFU] execute fn=0 data0=00000024 data1=00000001
[CFU] delayed response=00000000
[RENODE] result=00000000 error=0
[RENODE] execute fn=0 data0=00000025 data1=00000001
[CFU] execute fn=0 data0=00000025 data1=00000001
[CFU] delayed response=00000000
[RENODE] result=00000000 error=0
[RENODE] execute fn=0 data0=00000026 data1=00000001
[CFU] execute fn=0 data0=00000026 data1=00000001
[CFU] delayed response=00000000
[RENODE] result=00000000 error=0
[RENODE] execute fn=0 data0=00000027 data1=00000001
[CFU] execute fn=0 data0=00000027 data1=00000001
[CFU] delayed response=00000000
[RENODE] result=00000000 error=0
[RENODE] execute fn=0 data0=00000028 data1=00000001
[CFU] execute fn=0 data0=00000028 data1=00000001
[CFU] delayed response=00000000
[RENODE] result=00000000 error=0
[RENODE] execute fn=0 data0=00000029 data1=00000001
[CFU] execute fn=0 data0=00000029 data1=00000001
[CFU] delayed response=00000000
[RENODE] result=00000000 error=0
[RENODE] execute fn=0 data0=0000002a data1=00000001
[CFU] execute fn=0 data0=0000002a data1=00000001
[CFU] delayed response=00000000
[RENODE] result=00000000 error=0
[RENODE] execute fn=0 data0=0000002b data1=00000001
[CFU] execute fn=0 data0=0000002b data1=00000001
[CFU] delayed response=00000000
[RENODE] result=00000000 error=0
[RENODE] execute fn=0 data0=0000002c data1=00000001
[CFU] execute fn=0 data0=0000002c data1=00000001
[CFU] delayed response=00000000
[RENODE] result=00000000 error=0
[RENODE] execute fn=0 data0=0000002d data1=00000001
[CFU] execute fn=0 data0=0000002d data1=00000001
[CFU] delayed response=00000000
[RENODE] result=00000000 error=0
[RENODE] execute fn=0 data0=0000002e data1=00000001
[CFU] execute fn=0 data0=0000002e data1=00000001
[CFU] delayed response=00000000
[RENODE] result=00000000 error=0
[RENODE] execute fn=0 data0=0000002f data1=00000001
[CFU] execute fn=0 data0=0000002f data1=00000001
[CFU] delayed response=00000000
[RENODE] result=00000000 error=0
[RENODE] execute fn=0 data0=00000030 data1=00000001
[CFU] execute fn=0 data0=00000030 data1=00000001
[CFU] delayed response=00000000
[RENODE] result=00000000 error=0
[RENODE] execute fn=0 data0=00000031 data1=00000001
[CFU] execute fn=0 data0=00000031 data1=00000001
[CFU] delayed response=00000000
[RENODE] result=00000000 error=0
[RENODE] execute fn=0 data0=00000032 data1=00000001
[CFU] execute fn=0 data0=00000032 data1=00000001
[CFU] delayed response=00000000
[RENODE] result=00000000 error=0
[RENODE] execute fn=0 data0=00000033 data1=00000001
[CFU] execute fn=0 data0=00000033 data1=00000001
[CFU] delayed response=00000000
[RENODE] result=00000000 error=0
[RENODE] execute fn=0 data0=00000034 data1=00000001
[CFU] execute fn=0 data0=00000034 data1=00000001
[CFU] delayed response=00000000
[RENODE] result=00000000 error=0
[RENODE] execute fn=0 data0=00000035 data1=00000001
[CFU] execute fn=0 data0=00000035 data1=00000001
[CFU] delayed response=00000000
[RENODE] result=00000000 error=0
[RENODE] execute fn=0 data0=00000036 data1=00000001
[CFU] execute fn=0 data0=00000036 data1=00000001
[CFU] delayed response=00000000
[RENODE] result=00000000 error=0
[RENODE] execute fn=0 data0=00000037 data1=00000001
[CFU] execute fn=0 data0=00000037 data1=00000001
[CFU] delayed response=00000000
[RENODE] result=00000000 error=0
[RENODE] execute fn=0 data0=00000038 data1=00000001
[CFU] execute fn=0 data0=00000038 data1=00000001
[CFU] delayed response=00000000
[RENODE] result=00000000 error=0
[RENODE] execute fn=0 data0=00000039 data1=00000001
[CFU] execute fn=0 data0=00000039 data1=00000001
[CFU] delayed response=00000000
[RENODE] result=00000000 error=0
[RENODE] execute fn=0 data0=0000003a data1=00000001
[CFU] execute fn=0 data0=0000003a data1=00000001
[CFU] delayed response=00000000
[RENODE] result=00000000 error=0
[RENODE] execute fn=0 data0=0000003b data1=00000001
[CFU] execute fn=0 data0=0000003b data1=00000001
[CFU] delayed response=00000000
[RENODE] result=00000000 error=0
[RENODE] execute fn=0 data0=0000003c data1=00000001
[CFU] execute fn=0 data0=0000003c data1=00000001
[CFU] delayed response=00000000
[RENODE] result=00000000 error=0
[RENODE] execute fn=0 data0=0000003d data1=00000001
[CFU] execute fn=0 data0=0000003d data1=00000001
[CFU] delayed response=00000000
[RENODE] result=00000000 error=0
[RENODE] execute fn=0 data0=0000003e data1=00000001
[CFU] execute fn=0 data0=0000003e data1=00000001
[CFU] delayed response=00000000
[RENODE] result=00000000 error=0
[RENODE] execute fn=0 data0=0000003f data1=00000001
[CFU] execute fn=0 data0=0000003f data1=00000001
[CFU] delayed response=00000000
[RENODE] result=00000000 error=0
[RENODE] execute fn=0 data0=00000040 data1=00000001
[CFU] execute fn=0 data0=00000040 data1=00000001
[CFU] delayed response=00000000
[RENODE] result=00000000 error=0
[RENODE] execute fn=0 data0=00000041 data1=00000001
[CFU] execute fn=0 data0=00000041 data1=00000001
[CFU] delayed response=00000000
[RENODE] result=00000000 error=0
[RENODE] execute fn=0 data0=00000042 data1=00000001
[CFU] execute fn=0 data0=00000042 data1=00000001
[CFU] delayed response=00000000
[RENODE] result=00000000 error=0
[RENODE] execute fn=0 data0=00000043 data1=00000001
[CFU] execute fn=0 data0=00000043 data1=00000001
[CFU] delayed response=00000000
[RENODE] result=00000000 error=0
[RENODE] execute fn=0 data0=00000044 data1=00000001
[CFU] execute fn=0 data0=00000044 data1=00000001
[CFU] delayed response=00000000
[RENODE] result=00000000 error=0
[RENODE] execute fn=0 data0=00000045 data1=00000001
[CFU] execute fn=0 data0=00000045 data1=00000001
[CFU] delayed response=00000000
[RENODE] result=00000000 error=0
[RENODE] execute fn=0 data0=00000046 data1=00000001
[CFU] execute fn=0 data0=00000046 data1=00000001
[CFU] delayed response=00000000
[RENODE] result=00000000 error=0
[RENODE] execute fn=0 data0=00000047 data1=00000001
[CFU] execute fn=0 data0=00000047 data1=00000001
[CFU] delayed response=00000000
[RENODE] result=00000000 error=0
[RENODE] execute fn=0 data0=00000048 data1=00000001
[CFU] execute fn=0 data0=00000048 data1=00000001
[CFU] delayed response=00000000
[RENODE] result=00000000 error=0
[RENODE] execute fn=0 data0=00000049 data1=00000001
[CFU] execute fn=0 data0=00000049 data1=00000001
[CFU] delayed response=00000000
[RENODE] result=00000000 error=0
[RENODE] execute fn=0 data0=0000004a data1=00000001
[CFU] execute fn=0 data0=0000004a data1=00000001
[CFU] delayed response=00000000
[RENODE] result=00000000 error=0
[RENODE] execute fn=0 data0=0000004b data1=00000001
[CFU] execute fn=0 data0=0000004b data1=00000001
[CFU] delayed response=00000000
[RENODE] result=00000000 error=0
[RENODE] execute fn=0 data0=0000004c data1=00000001
[CFU] execute fn=0 data0=0000004c data1=00000001
[CFU] delayed response=00000000
[RENODE] result=00000000 error=0
[RENODE] execute fn=0 data0=0000004d data1=00000001
[CFU] execute fn=0 data0=0000004d data1=00000001
[CFU] delayed response=00000000
[RENODE] result=00000000 error=0
[RENODE] execute fn=0 data0=0000004e data1=00000001
[CFU] execute fn=0 data0=0000004e data1=00000001
[CFU] delayed response=00000000
[RENODE] result=00000000 error=0
[RENODE] execute fn=0 data0=0000004f data1=00000001
[CFU] execute fn=0 data0=0000004f data1=00000001
[CFU] delayed response=00000000
[RENODE] result=00000000 error=0
[RENODE] execute fn=0 data0=00000050 data1=00000001
[CFU] execute fn=0 data0=00000050 data1=00000001
[CFU] delayed response=00000000
[RENODE] result=00000000 error=0
[RENODE] execute fn=0 data0=00000051 data1=00000001
[CFU] execute fn=0 data0=00000051 data1=00000001
[CFU] delayed response=00000000
[RENODE] result=00000000 error=0
[RENODE] execute fn=0 data0=00000052 data1=00000001
[CFU] execute fn=0 data0=00000052 data1=00000001
[CFU] delayed response=00000000
[RENODE] result=00000000 error=0
[RENODE] execute fn=0 data0=00000053 data1=00000001
[CFU] execute fn=0 data0=00000053 data1=00000001
[CFU] delayed response=00000000
[RENODE] result=00000000 error=0
[RENODE] execute fn=0 data0=00000054 data1=00000001
[CFU] execute fn=0 data0=00000054 data1=00000001
[CFU] delayed response=00000000
[RENODE] result=00000000 error=0
[RENODE] execute fn=0 data0=00000055 data1=00000001
[CFU] execute fn=0 data0=00000055 data1=00000001
[CFU] delayed response=00000000
[RENODE] result=00000000 error=0
[RENODE] execute fn=0 data0=00000056 data1=00000001
[CFU] execute fn=0 data0=00000056 data1=00000001
[CFU] delayed response=00000000
[RENODE] result=00000000 error=0
[RENODE] execute fn=0 data0=00000057 data1=00000001
[CFU] execute fn=0 data0=00000057 data1=00000001
[CFU] delayed response=00000000
[RENODE] result=00000000 error=0
[RENODE] execute fn=0 data0=00000058 data1=00000001
[CFU] execute fn=0 data0=00000058 data1=00000001
[CFU] delayed response=00000000
[RENODE] result=00000000 error=0
[RENODE] execute fn=0 data0=00000059 data1=00000001
[CFU] execute fn=0 data0=00000059 data1=00000001
[CFU] delayed response=00000000
[RENODE] result=00000000 error=0
[RENODE] execute fn=0 data0=0000005a data1=00000001
[CFU] execute fn=0 data0=0000005a data1=00000001
[CFU] delayed response=00000000
[RENODE] result=00000000 error=0
[RENODE] execute fn=0 data0=0000005b data1=00000001
[CFU] execute fn=0 data0=0000005b data1=00000001
[CFU] delayed response=00000000
[RENODE] result=00000000 error=0
[RENODE] execute fn=0 data0=0000005c data1=00000001
[CFU] execute fn=0 data0=0000005c data1=00000001
[CFU] delayed response=00000000
[RENODE] result=00000000 error=0
[RENODE] execute fn=0 data0=0000005d data1=00000001
[CFU] execute fn=0 data0=0000005d data1=00000001
[CFU] delayed response=00000000
[RENODE] result=00000000 error=0
[RENODE] execute fn=0 data0=0000005e data1=00000001
[CFU] execute fn=0 data0=0000005e data1=00000001
[CFU] delayed response=00000000
[RENODE] result=00000000 error=0
[RENODE] execute fn=0 data0=0000005f data1=00000001
[CFU] execute fn=0 data0=0000005f data1=00000001
[CFU] delayed response=00000000
[RENODE] result=00000000 error=0
[RENODE] execute fn=0 data0=00000060 data1=00000001
[CFU] execute fn=0 data0=00000060 data1=00000001
[CFU] delayed response=00000000
[RENODE] result=00000000 error=0
[RENODE] execute fn=0 data0=00000061 data1=00000001
[CFU] execute fn=0 data0=00000061 data1=00000001
[CFU] delayed response=00000000
[RENODE] result=00000000 error=0
[RENODE] execute fn=0 data0=00000062 data1=00000001
[CFU] execute fn=0 data0=00000062 data1=00000001
[CFU] delayed response=00000000
[RENODE] result=00000000 error=0
[RENODE] execute fn=0 data0=00000063 data1=00000001
[CFU] execute fn=0 data0=00000063 data1=00000001
[CFU] delayed response=00000000
[RENODE] result=00000000 error=0
[RENODE] execute fn=0 data0=00000064 data1=00000001
[CFU] execute fn=0 data0=00000064 data1=00000001
[CFU] delayed response=00000000
[RENODE] result=00000000 error=0
[RENODE] execute fn=0 data0=00000065 data1=00000001
[CFU] execute fn=0 data0=00000065 data1=00000001
[CFU] delayed response=00000000
[RENODE] result=00000000 error=0
[RENODE] execute fn=0 data0=00000066 data1=00000001
[CFU] execute fn=0 data0=00000066 data1=00000001
[CFU] delayed response=00000000
[RENODE] result=00000000 error=0
[RENODE] execute fn=0 data0=00000067 data1=00000001
[CFU] execute fn=0 data0=00000067 data1=00000001
[CFU] delayed response=00000000
[RENODE] result=00000000 error=0
[RENODE] execute fn=0 data0=00000068 data1=00000001
[CFU] execute fn=0 data0=00000068 data1=00000001
[CFU] delayed response=00000000
[RENODE] result=00000000 error=0
[RENODE] execute fn=0 data0=00000069 data1=00000001
[CFU] execute fn=0 data0=00000069 data1=00000001
[CFU] delayed response=00000000
[RENODE] result=00000000 error=0
[RENODE] execute fn=0 data0=0000006a data1=00000001
[CFU] execute fn=0 data0=0000006a data1=00000001
[CFU] delayed response=00000000
[RENODE] result=00000000 error=0
[RENODE] execute fn=0 data0=0000006b data1=00000001
[CFU] execute fn=0 data0=0000006b data1=00000001
[CFU] delayed response=00000000
[RENODE] result=00000000 error=0
[RENODE] execute fn=0 data0=0000006c data1=00000001
[CFU] execute fn=0 data0=0000006c data1=00000001
[CFU] delayed response=00000000
[RENODE] result=00000000 error=0
[RENODE] execute fn=0 data0=0000006d data1=00000001
[CFU] execute fn=0 data0=0000006d data1=00000001
[CFU] delayed response=00000000
[RENODE] result=00000000 error=0
[RENODE] execute fn=0 data0=0000006e data1=00000001
[CFU] execute fn=0 data0=0000006e data1=00000001
[CFU] delayed response=00000000
[RENODE] result=00000000 error=0
[RENODE] execute fn=0 data0=0000006f data1=00000001
[CFU] execute fn=0 data0=0000006f data1=00000001
[CFU] delayed response=00000000
[RENODE] result=00000000 error=0
[RENODE] execute fn=0 data0=00000070 data1=00000001
[CFU] execute fn=0 data0=00000070 data1=00000001
[CFU] delayed response=00000000
[RENODE] result=00000000 error=0
[RENODE] execute fn=0 data0=00000071 data1=00000001
[CFU] execute fn=0 data0=00000071 data1=00000001
[CFU] delayed response=00000000
[RENODE] result=00000000 error=0
[RENODE] execute fn=0 data0=00000072 data1=00000001
[CFU] execute fn=0 data0=00000072 data1=00000001
[CFU] delayed response=00000000
[RENODE] result=00000000 error=0
[RENODE] execute fn=0 data0=00000073 data1=00000001
[CFU] execute fn=0 data0=00000073 data1=00000001
[CFU] delayed response=00000000
[RENODE] result=00000000 error=0
[RENODE] execute fn=0 data0=00000074 data1=00000001
[CFU] execute fn=0 data0=00000074 data1=00000001
[CFU] delayed response=00000000
[RENODE] result=00000000 error=0
[RENODE] execute fn=0 data0=00000075 data1=00000001
[CFU] execute fn=0 data0=00000075 data1=00000001
[CFU] delayed response=00000000
[RENODE] result=00000000 error=0
[RENODE] execute fn=0 data0=00000076 data1=00000001
[CFU] execute fn=0 data0=00000076 data1=00000001
[CFU] delayed response=00000000
[RENODE] result=00000000 error=0
[RENODE] execute fn=0 data0=00000077 data1=00000001
[CFU] execute fn=0 data0=00000077 data1=00000001
[CFU] delayed response=00000000
[RENODE] result=00000000 error=0
[RENODE] execute fn=0 data0=00000078 data1=00000001
[CFU] execute fn=0 data0=00000078 data1=00000001
[CFU] delayed response=00000000
[RENODE] result=00000000 error=0
[RENODE] execute fn=0 data0=00000079 data1=00000001
[CFU] execute fn=0 data0=00000079 data1=00000001
[CFU] delayed response=00000000
[RENODE] result=00000000 error=0
[RENODE] execute fn=0 data0=0000007a data1=00000001
[CFU] execute fn=0 data0=0000007a data1=00000001
[CFU] delayed response=00000000
[RENODE] result=00000000 error=0
[RENODE] execute fn=0 data0=0000007b data1=00000001
[CFU] execute fn=0 data0=0000007b data1=00000001
[CFU] delayed response=00000000
[RENODE] result=00000000 error=0
[RENODE] execute fn=0 data0=0000007c data1=00000001
[CFU] execute fn=0 data0=0000007c data1=00000001
[CFU] delayed response=00000000
[RENODE] result=00000000 error=0
[RENODE] execute fn=0 data0=0000007d data1=00000001
[CFU] execute fn=0 data0=0000007d data1=00000001
[CFU] delayed response=00000000
[RENODE] result=00000000 error=0
[RENODE] execute fn=0 data0=0000007e data1=00000001
[CFU] execute fn=0 data0=0000007e data1=00000001
[CFU] delayed response=00000000
[RENODE] result=00000000 error=0
[RENODE] execute fn=0 data0=0000007f data1=00000001
[CFU] execute fn=0 data0=0000007f data1=00000001
[CFU] delayed response=00000000
[RENODE] result=00000000 error=0
21:05:56.9242 [INFO] uart: [host: 81.83ms (+20.14ms)|virt: 0.6ms (+0.2ms)] Loading IFMAP...
[RENODE] execute fn=8 data0=00000000 data1=00000001
[CFU] execute fn=8 data0=00000000 data1=00000001
[CFU] delayed response=00000000
[RENODE] result=00000000 error=0
[RENODE] execute fn=8 data0=00000001 data1=00000001
[CFU] execute fn=8 data0=00000001 data1=00000001
[CFU] delayed response=00000000
[RENODE] result=00000000 error=0
[RENODE] execute fn=8 data0=00000002 data1=00000001
[CFU] execute fn=8 data0=00000002 data1=00000001
[CFU] delayed response=00000000
[RENODE] result=00000000 error=0
[RENODE] execute fn=8 data0=00000003 data1=00000001
[CFU] execute fn=8 data0=00000003 data1=00000001
[CFU] delayed response=00000000
[RENODE] result=00000000 error=0
[RENODE] execute fn=8 data0=00000004 data1=00000001
[CFU] execute fn=8 data0=00000004 data1=00000001
[CFU] delayed response=00000000
[RENODE] result=00000000 error=0
[RENODE] execute fn=8 data0=00000005 data1=00000001
[CFU] execute fn=8 data0=00000005 data1=00000001
[CFU] delayed response=00000000
[RENODE] result=00000000 error=0
[RENODE] execute fn=8 data0=00000006 data1=00000001
[CFU] execute fn=8 data0=00000006 data1=00000001
[CFU] delayed response=00000000
[RENODE] result=00000000 error=0
[RENODE] execute fn=8 data0=00000007 data1=00000001
[CFU] execute fn=8 data0=00000007 data1=00000001
[CFU] delayed response=00000000
[RENODE] result=00000000 error=0
[RENODE] execute fn=8 data0=00000008 data1=00000001
[CFU] execute fn=8 data0=00000008 data1=00000001
[CFU] delayed response=00000000
[RENODE] result=00000000 error=0
[RENODE] execute fn=8 data0=00000009 data1=00000001
[CFU] execute fn=8 data0=00000009 data1=00000001
[CFU] delayed response=00000000
[RENODE] result=00000000 error=0
[RENODE] execute fn=8 data0=0000000a data1=00000001
[CFU] execute fn=8 data0=0000000a data1=00000001
[CFU] delayed response=00000000
[RENODE] result=00000000 error=0
[RENODE] execute fn=8 data0=0000000b data1=00000001
[CFU] execute fn=8 data0=0000000b data1=00000001
[CFU] delayed response=00000000
[RENODE] result=00000000 error=0
[RENODE] execute fn=8 data0=0000000c data1=00000001
[CFU] execute fn=8 data0=0000000c data1=00000001
[CFU] delayed response=00000000
[RENODE] result=00000000 error=0
[RENODE] execute fn=8 data0=0000000d data1=00000001
[CFU] execute fn=8 data0=0000000d data1=00000001
[CFU] delayed response=00000000
[RENODE] result=00000000 error=0
[RENODE] execute fn=8 data0=0000000e data1=00000001
[CFU] execute fn=8 data0=0000000e data1=00000001
[CFU] delayed response=00000000
[RENODE] result=00000000 error=0
[RENODE] execute fn=8 data0=0000000f data1=00000001
[CFU] execute fn=8 data0=0000000f data1=00000001
[CFU] delayed response=00000000
[RENODE] result=00000000 error=0
[RENODE] execute fn=8 data0=00000010 data1=00000001
[CFU] execute fn=8 data0=00000010 data1=00000001
[CFU] delayed response=00000000
[RENODE] result=00000000 error=0
[RENODE] execute fn=8 data0=00000011 data1=00000001
[CFU] execute fn=8 data0=00000011 data1=00000001
[CFU] delayed response=00000000
[RENODE] result=00000000 error=0
[RENODE] execute fn=8 data0=00000012 data1=00000001
[CFU] execute fn=8 data0=00000012 data1=00000001
[CFU] delayed response=00000000
[RENODE] result=00000000 error=0
[RENODE] execute fn=8 data0=00000013 data1=00000001
[CFU] execute fn=8 data0=00000013 data1=00000001
[CFU] delayed response=00000000
[RENODE] result=00000000 error=0
[RENODE] execute fn=8 data0=00000014 data1=00000001
[CFU] execute fn=8 data0=00000014 data1=00000001
[CFU] delayed response=00000000
[RENODE] result=00000000 error=0
[RENODE] execute fn=8 data0=00000015 data1=00000001
[CFU] execute fn=8 data0=00000015 data1=00000001
[CFU] delayed response=00000000
[RENODE] result=00000000 error=0
[RENODE] execute fn=8 data0=00000016 data1=00000001
[CFU] execute fn=8 data0=00000016 data1=00000001
[CFU] delayed response=00000000
[RENODE] result=00000000 error=0
[RENODE] execute fn=8 data0=00000017 data1=00000001
[CFU] execute fn=8 data0=00000017 data1=00000001
[CFU] delayed response=00000000
[RENODE] result=00000000 error=0
[RENODE] execute fn=8 data0=00000018 data1=00000001
[CFU] execute fn=8 data0=00000018 data1=00000001
[CFU] delayed response=00000000
[RENODE] result=00000000 error=0
[RENODE] execute fn=8 data0=00000019 data1=00000001
[CFU] execute fn=8 data0=00000019 data1=00000001
[CFU] delayed response=00000000
[RENODE] result=00000000 error=0
[RENODE] execute fn=8 data0=0000001a data1=00000001
[CFU] execute fn=8 data0=0000001a data1=00000001
[CFU] delayed response=00000000
[RENODE] result=00000000 error=0
[RENODE] execute fn=8 data0=0000001b data1=00000001
[CFU] execute fn=8 data0=0000001b data1=00000001
[CFU] delayed response=00000000
[RENODE] result=00000000 error=0
[RENODE] execute fn=8 data0=0000001c data1=00000001
[CFU] execute fn=8 data0=0000001c data1=00000001
[CFU] delayed response=00000000
[RENODE] result=00000000 error=0
[RENODE] execute fn=8 data0=0000001d data1=00000001
[CFU] execute fn=8 data0=0000001d data1=00000001
[CFU] delayed response=00000000
[RENODE] result=00000000 error=0
[RENODE] execute fn=8 data0=0000001e data1=00000001
[CFU] execute fn=8 data0=0000001e data1=00000001
[CFU] delayed response=00000000
[RENODE] result=00000000 error=0
[RENODE] execute fn=8 data0=0000001f data1=00000001
[CFU] execute fn=8 data0=0000001f data1=00000001
[CFU] delayed response=00000000
[RENODE] result=00000000 error=0
[RENODE] execute fn=8 data0=00000020 data1=00000001
[CFU] execute fn=8 data0=00000020 data1=00000001
[CFU] delayed response=00000000
[RENODE] result=00000000 error=0
[RENODE] execute fn=8 data0=00000021 data1=00000001
[CFU] execute fn=8 data0=00000021 data1=00000001
[CFU] delayed response=00000000
[RENODE] result=00000000 error=0
[RENODE] execute fn=8 data0=00000022 data1=00000001
[CFU] execute fn=8 data0=00000022 data1=00000001
[CFU] delayed response=00000000
[RENODE] result=00000000 error=0
[RENODE] execute fn=8 data0=00000023 data1=00000001
[CFU] execute fn=8 data0=00000023 data1=00000001
[CFU] delayed response=00000000
[RENODE] result=00000000 error=0
[RENODE] execute fn=8 data0=00000024 data1=00000001
[CFU] execute fn=8 data0=00000024 data1=00000001
[CFU] delayed response=00000000
[RENODE] result=00000000 error=0
[RENODE] execute fn=8 data0=00000025 data1=00000001
[CFU] execute fn=8 data0=00000025 data1=00000001
[CFU] delayed response=00000000
[RENODE] result=00000000 error=0
[RENODE] execute fn=8 data0=00000026 data1=00000001
[CFU] execute fn=8 data0=00000026 data1=00000001
[CFU] delayed response=00000000
[RENODE] result=00000000 error=0
[RENODE] execute fn=8 data0=00000027 data1=00000001
[CFU] execute fn=8 data0=00000027 data1=00000001
[CFU] delayed response=00000000
[RENODE] result=00000000 error=0
[RENODE] execute fn=8 data0=00000028 data1=00000001
[CFU] execute fn=8 data0=00000028 data1=00000001
[CFU] delayed response=00000000
[RENODE] result=00000000 error=0
[RENODE] execute fn=8 data0=00000029 data1=00000001
[CFU] execute fn=8 data0=00000029 data1=00000001
[CFU] delayed response=00000000
[RENODE] result=00000000 error=0
[RENODE] execute fn=8 data0=0000002a data1=00000001
[CFU] execute fn=8 data0=0000002a data1=00000001
[CFU] delayed response=00000000
[RENODE] result=00000000 error=0
[RENODE] execute fn=8 data0=0000002b data1=00000001
[CFU] execute fn=8 data0=0000002b data1=00000001
[CFU] delayed response=00000000
[RENODE] result=00000000 error=0
[RENODE] execute fn=8 data0=0000002c data1=00000001
[CFU] execute fn=8 data0=0000002c data1=00000001
[CFU] delayed response=00000000
[RENODE] result=00000000 error=0
[RENODE] execute fn=8 data0=0000002d data1=00000001
[CFU] execute fn=8 data0=0000002d data1=00000001
[CFU] delayed response=00000000
[RENODE] result=00000000 error=0
[RENODE] execute fn=8 data0=0000002e data1=00000001
[CFU] execute fn=8 data0=0000002e data1=00000001
[CFU] delayed response=00000000
[RENODE] result=00000000 error=0
[RENODE] execute fn=8 data0=0000002f data1=00000001
[CFU] execute fn=8 data0=0000002f data1=00000001
[CFU] delayed response=00000000
[RENODE] result=00000000 error=0
[RENODE] execute fn=8 data0=00000030 data1=00000001
[CFU] execute fn=8 data0=00000030 data1=00000001
[CFU] delayed response=00000000
[RENODE] result=00000000 error=0
[RENODE] execute fn=8 data0=00000031 data1=00000001
[CFU] execute fn=8 data0=00000031 data1=00000001
[CFU] delayed response=00000000
[RENODE] result=00000000 error=0
[RENODE] execute fn=8 data0=00000032 data1=00000001
[CFU] execute fn=8 data0=00000032 data1=00000001
[CFU] delayed response=00000000
[RENODE] result=00000000 error=0
[RENODE] execute fn=8 data0=00000033 data1=00000001
[CFU] execute fn=8 data0=00000033 data1=00000001
[CFU] delayed response=00000000
[RENODE] result=00000000 error=0
[RENODE] execute fn=8 data0=00000034 data1=00000001
[CFU] execute fn=8 data0=00000034 data1=00000001
[CFU] delayed response=00000000
[RENODE] result=00000000 error=0
[RENODE] execute fn=8 data0=00000035 data1=00000001
[CFU] execute fn=8 data0=00000035 data1=00000001
[CFU] delayed response=00000000
[RENODE] result=00000000 error=0
[RENODE] execute fn=8 data0=00000036 data1=00000001
[CFU] execute fn=8 data0=00000036 data1=00000001
[CFU] delayed response=00000000
[RENODE] result=00000000 error=0
[RENODE] execute fn=8 data0=00000037 data1=00000001
[CFU] execute fn=8 data0=00000037 data1=00000001
[CFU] delayed response=00000000
[RENODE] result=00000000 error=0
[RENODE] execute fn=8 data0=00000038 data1=00000001
[CFU] execute fn=8 data0=00000038 data1=00000001
[CFU] delayed response=00000000
[RENODE] result=00000000 error=0
[RENODE] execute fn=8 data0=00000039 data1=00000001
[CFU] execute fn=8 data0=00000039 data1=00000001
[CFU] delayed response=00000000
[RENODE] result=00000000 error=0
[RENODE] execute fn=8 data0=0000003a data1=00000001
[CFU] execute fn=8 data0=0000003a data1=00000001
[CFU] delayed response=00000000
[RENODE] result=00000000 error=0
[RENODE] execute fn=8 data0=0000003b data1=00000001
[CFU] execute fn=8 data0=0000003b data1=00000001
[CFU] delayed response=00000000
[RENODE] result=00000000 error=0
[RENODE] execute fn=8 data0=0000003c data1=00000001
[CFU] execute fn=8 data0=0000003c data1=00000001
[CFU] delayed response=00000000
[RENODE] result=00000000 error=0
[RENODE] execute fn=8 data0=0000003d data1=00000001
[CFU] execute fn=8 data0=0000003d data1=00000001
[CFU] delayed response=00000000
[RENODE] result=00000000 error=0
[RENODE] execute fn=8 data0=0000003e data1=00000001
[CFU] execute fn=8 data0=0000003e data1=00000001
[CFU] delayed response=00000000
[RENODE] result=00000000 error=0
[RENODE] execute fn=8 data0=0000003f data1=00000001
[CFU] execute fn=8 data0=0000003f data1=00000001
[CFU] delayed response=00000000
[RENODE] result=00000000 error=0
[RENODE] execute fn=8 data0=00000040 data1=00000001
[CFU] execute fn=8 data0=00000040 data1=00000001
[CFU] delayed response=00000000
[RENODE] result=00000000 error=0
[RENODE] execute fn=8 data0=00000041 data1=00000001
[CFU] execute fn=8 data0=00000041 data1=00000001
[CFU] delayed response=00000000
[RENODE] result=00000000 error=0
[RENODE] execute fn=8 data0=00000042 data1=00000001
[CFU] execute fn=8 data0=00000042 data1=00000001
[CFU] delayed response=00000000
[RENODE] result=00000000 error=0
[RENODE] execute fn=8 data0=00000043 data1=00000001
[CFU] execute fn=8 data0=00000043 data1=00000001
[CFU] delayed response=00000000
[RENODE] result=00000000 error=0
[RENODE] execute fn=8 data0=00000044 data1=00000001
[CFU] execute fn=8 data0=00000044 data1=00000001
[CFU] delayed response=00000000
[RENODE] result=00000000 error=0
[RENODE] execute fn=8 data0=00000045 data1=00000001
[CFU] execute fn=8 data0=00000045 data1=00000001
[CFU] delayed response=00000000
[RENODE] result=00000000 error=0
[RENODE] execute fn=8 data0=00000046 data1=00000001
[CFU] execute fn=8 data0=00000046 data1=00000001
[CFU] delayed response=00000000
[RENODE] result=00000000 error=0
[RENODE] execute fn=8 data0=00000047 data1=00000001
[CFU] execute fn=8 data0=00000047 data1=00000001
[CFU] delayed response=00000000
[RENODE] result=00000000 error=0
[RENODE] execute fn=8 data0=00000048 data1=00000001
[CFU] execute fn=8 data0=00000048 data1=00000001
[CFU] delayed response=00000000
[RENODE] result=00000000 error=0
[RENODE] execute fn=8 data0=00000049 data1=00000001
[CFU] execute fn=8 data0=00000049 data1=00000001
[CFU] delayed response=00000000
[RENODE] result=00000000 error=0
[RENODE] execute fn=8 data0=0000004a data1=00000001
[CFU] execute fn=8 data0=0000004a data1=00000001
[CFU] delayed response=00000000
[RENODE] result=00000000 error=0
[RENODE] execute fn=8 data0=0000004b data1=00000001
[CFU] execute fn=8 data0=0000004b data1=00000001
[CFU] delayed response=00000000
[RENODE] result=00000000 error=0
[RENODE] execute fn=8 data0=0000004c data1=00000001
[CFU] execute fn=8 data0=0000004c data1=00000001
[CFU] delayed response=00000000
[RENODE] result=00000000 error=0
[RENODE] execute fn=8 data0=0000004d data1=00000001
[CFU] execute fn=8 data0=0000004d data1=00000001
[CFU] delayed response=00000000
[RENODE] result=00000000 error=0
[RENODE] execute fn=8 data0=0000004e data1=00000001
[CFU] execute fn=8 data0=0000004e data1=00000001
[CFU] delayed response=00000000
[RENODE] result=00000000 error=0
[RENODE] execute fn=8 data0=0000004f data1=00000001
[CFU] execute fn=8 data0=0000004f data1=00000001
[CFU] delayed response=00000000
[RENODE] result=00000000 error=0
[RENODE] execute fn=8 data0=00000050 data1=00000001
[CFU] execute fn=8 data0=00000050 data1=00000001
[CFU] delayed response=00000000
[RENODE] result=00000000 error=0
[RENODE] execute fn=8 data0=00000051 data1=00000001
[CFU] execute fn=8 data0=00000051 data1=00000001
[CFU] delayed response=00000000
[RENODE] result=00000000 error=0
[RENODE] execute fn=8 data0=00000052 data1=00000001
[CFU] execute fn=8 data0=00000052 data1=00000001
[CFU] delayed response=00000000
[RENODE] result=00000000 error=0
[RENODE] execute fn=8 data0=00000053 data1=00000001
[CFU] execute fn=8 data0=00000053 data1=00000001
[CFU] delayed response=00000000
[RENODE] result=00000000 error=0
[RENODE] execute fn=8 data0=00000054 data1=00000001
[CFU] execute fn=8 data0=00000054 data1=00000001
[CFU] delayed response=00000000
[RENODE] result=00000000 error=0
[RENODE] execute fn=8 data0=00000055 data1=00000001
[CFU] execute fn=8 data0=00000055 data1=00000001
[CFU] delayed response=00000000
[RENODE] result=00000000 error=0
[RENODE] execute fn=8 data0=00000056 data1=00000001
[CFU] execute fn=8 data0=00000056 data1=00000001
[CFU] delayed response=00000000
[RENODE] result=00000000 error=0
[RENODE] execute fn=8 data0=00000057 data1=00000001
[CFU] execute fn=8 data0=00000057 data1=00000001
[CFU] delayed response=00000000
[RENODE] result=00000000 error=0
[RENODE] execute fn=8 data0=00000058 data1=00000001
[CFU] execute fn=8 data0=00000058 data1=00000001
[CFU] delayed response=00000000
[RENODE] result=00000000 error=0
[RENODE] execute fn=8 data0=00000059 data1=00000001
[CFU] execute fn=8 data0=00000059 data1=00000001
[CFU] delayed response=00000000
[RENODE] result=00000000 error=0
[RENODE] execute fn=8 data0=0000005a data1=00000001
[CFU] execute fn=8 data0=0000005a data1=00000001
[CFU] delayed response=00000000
[RENODE] result=00000000 error=0
[RENODE] execute fn=8 data0=0000005b data1=00000001
[CFU] execute fn=8 data0=0000005b data1=00000001
[CFU] delayed response=00000000
[RENODE] result=00000000 error=0
[RENODE] execute fn=8 data0=0000005c data1=00000001
[CFU] execute fn=8 data0=0000005c data1=00000001
[CFU] delayed response=00000000
[RENODE] result=00000000 error=0
[RENODE] execute fn=8 data0=0000005d data1=00000001
[CFU] execute fn=8 data0=0000005d data1=00000001
[CFU] delayed response=00000000
[RENODE] result=00000000 error=0
[RENODE] execute fn=8 data0=0000005e data1=00000001
[CFU] execute fn=8 data0=0000005e data1=00000001
[CFU] delayed response=00000000
[RENODE] result=00000000 error=0
[RENODE] execute fn=8 data0=0000005f data1=00000001
[CFU] execute fn=8 data0=0000005f data1=00000001
[CFU] delayed response=00000000
[RENODE] result=00000000 error=0
[RENODE] execute fn=8 data0=00000060 data1=00000001
[CFU] execute fn=8 data0=00000060 data1=00000001
[CFU] delayed response=00000000
[RENODE] result=00000000 error=0
[RENODE] execute fn=8 data0=00000061 data1=00000001
[CFU] execute fn=8 data0=00000061 data1=00000001
[CFU] delayed response=00000000
[RENODE] result=00000000 error=0
[RENODE] execute fn=8 data0=00000062 data1=00000001
[CFU] execute fn=8 data0=00000062 data1=00000001
[CFU] delayed response=00000000
[RENODE] result=00000000 error=0
[RENODE] execute fn=8 data0=00000063 data1=00000001
[CFU] execute fn=8 data0=00000063 data1=00000001
[CFU] delayed response=00000000
[RENODE] result=00000000 error=0
[RENODE] execute fn=8 data0=00000064 data1=00000001
[CFU] execute fn=8 data0=00000064 data1=00000001
[CFU] delayed response=00000000
[RENODE] result=00000000 error=0
[RENODE] execute fn=8 data0=00000065 data1=00000001
[CFU] execute fn=8 data0=00000065 data1=00000001
[CFU] delayed response=00000000
[RENODE] result=00000000 error=0
[RENODE] execute fn=8 data0=00000066 data1=00000001
[CFU] execute fn=8 data0=00000066 data1=00000001
[CFU] delayed response=00000000
[RENODE] result=00000000 error=0
[RENODE] execute fn=8 data0=00000067 data1=00000001
[CFU] execute fn=8 data0=00000067 data1=00000001
[CFU] delayed response=00000000
[RENODE] result=00000000 error=0
[RENODE] execute fn=8 data0=00000068 data1=00000001
[CFU] execute fn=8 data0=00000068 data1=00000001
[CFU] delayed response=00000000
[RENODE] result=00000000 error=0
[RENODE] execute fn=8 data0=00000069 data1=00000001
[CFU] execute fn=8 data0=00000069 data1=00000001
[CFU] delayed response=00000000
[RENODE] result=00000000 error=0
[RENODE] execute fn=8 data0=0000006a data1=00000001
[CFU] execute fn=8 data0=0000006a data1=00000001
[CFU] delayed response=00000000
[RENODE] result=00000000 error=0
[RENODE] execute fn=8 data0=0000006b data1=00000001
[CFU] execute fn=8 data0=0000006b data1=00000001
[CFU] delayed response=00000000
[RENODE] result=00000000 error=0
[RENODE] execute fn=8 data0=0000006c data1=00000001
[CFU] execute fn=8 data0=0000006c data1=00000001
[CFU] delayed response=00000000
[RENODE] result=00000000 error=0
[RENODE] execute fn=8 data0=0000006d data1=00000001
[CFU] execute fn=8 data0=0000006d data1=00000001
[CFU] delayed response=00000000
[RENODE] result=00000000 error=0
[RENODE] execute fn=8 data0=0000006e data1=00000001
[CFU] execute fn=8 data0=0000006e data1=00000001
[CFU] delayed response=00000000
[RENODE] result=00000000 error=0
[RENODE] execute fn=8 data0=0000006f data1=00000001
[CFU] execute fn=8 data0=0000006f data1=00000001
[CFU] delayed response=00000000
[RENODE] result=00000000 error=0
[RENODE] execute fn=8 data0=00000070 data1=00000001
[CFU] execute fn=8 data0=00000070 data1=00000001
[CFU] delayed response=00000000
[RENODE] result=00000000 error=0
[RENODE] execute fn=8 data0=00000071 data1=00000001
[CFU] execute fn=8 data0=00000071 data1=00000001
[CFU] delayed response=00000000
[RENODE] result=00000000 error=0
[RENODE] execute fn=8 data0=00000072 data1=00000001
[CFU] execute fn=8 data0=00000072 data1=00000001
[CFU] delayed response=00000000
[RENODE] result=00000000 error=0
[RENODE] execute fn=8 data0=00000073 data1=00000001
[CFU] execute fn=8 data0=00000073 data1=00000001
[CFU] delayed response=00000000
[RENODE] result=00000000 error=0
[RENODE] execute fn=8 data0=00000074 data1=00000001
[CFU] execute fn=8 data0=00000074 data1=00000001
[CFU] delayed response=00000000
[RENODE] result=00000000 error=0
[RENODE] execute fn=8 data0=00000075 data1=00000001
[CFU] execute fn=8 data0=00000075 data1=00000001
[CFU] delayed response=00000000
[RENODE] result=00000000 error=0
[RENODE] execute fn=8 data0=00000076 data1=00000001
[CFU] execute fn=8 data0=00000076 data1=00000001
[CFU] delayed response=00000000
[RENODE] result=00000000 error=0
[RENODE] execute fn=8 data0=00000077 data1=00000001
[CFU] execute fn=8 data0=00000077 data1=00000001
[CFU] delayed response=00000000
[RENODE] result=00000000 error=0
[RENODE] execute fn=8 data0=00000078 data1=00000001
[CFU] execute fn=8 data0=00000078 data1=00000001
[CFU] delayed response=00000000
[RENODE] result=00000000 error=0
[RENODE] execute fn=8 data0=00000079 data1=00000001
[CFU] execute fn=8 data0=00000079 data1=00000001
[CFU] delayed response=00000000
[RENODE] result=00000000 error=0
[RENODE] execute fn=8 data0=0000007a data1=00000001
[CFU] execute fn=8 data0=0000007a data1=00000001
[CFU] delayed response=00000000
[RENODE] result=00000000 error=0
[RENODE] execute fn=8 data0=0000007b data1=00000001
[CFU] execute fn=8 data0=0000007b data1=00000001
[CFU] delayed response=00000000
[RENODE] result=00000000 error=0
[RENODE] execute fn=8 data0=0000007c data1=00000001
[CFU] execute fn=8 data0=0000007c data1=00000001
[CFU] delayed response=00000000
[RENODE] result=00000000 error=0
[RENODE] execute fn=8 data0=0000007d data1=00000001
[CFU] execute fn=8 data0=0000007d data1=00000001
[CFU] delayed response=00000000
[RENODE] result=00000000 error=0
[RENODE] execute fn=8 data0=0000007e data1=00000001
[CFU] execute fn=8 data0=0000007e data1=00000001
[CFU] delayed response=00000000
[RENODE] result=00000000 error=0
[RENODE] execute fn=8 data0=0000007f data1=00000001
[CFU] execute fn=8 data0=0000007f data1=00000001
[CFU] delayed response=00000000
[RENODE] result=00000000 error=0
[RENODE] execute fn=8 data0=00000080 data1=00000001
[CFU] execute fn=8 data0=00000080 data1=00000001
[CFU] delayed response=00000000
[RENODE] result=00000000 error=0
[RENODE] execute fn=8 data0=00000081 data1=00000001
[CFU] execute fn=8 data0=00000081 data1=00000001
[CFU] delayed response=00000000
[RENODE] result=00000000 error=0
[RENODE] execute fn=8 data0=00000082 data1=00000001
[CFU] execute fn=8 data0=00000082 data1=00000001
[CFU] delayed response=00000000
[RENODE] result=00000000 error=0
[RENODE] execute fn=8 data0=00000083 data1=00000001
[CFU] execute fn=8 data0=00000083 data1=00000001
[CFU] delayed response=00000000
[RENODE] result=00000000 error=0
[RENODE] execute fn=8 data0=00000084 data1=00000001
[CFU] execute fn=8 data0=00000084 data1=00000001
[CFU] delayed response=00000000
[RENODE] result=00000000 error=0
[RENODE] execute fn=8 data0=00000085 data1=00000001
[CFU] execute fn=8 data0=00000085 data1=00000001
[CFU] delayed response=00000000
[RENODE] result=00000000 error=0
[RENODE] execute fn=8 data0=00000086 data1=00000001
[CFU] execute fn=8 data0=00000086 data1=00000001
[CFU] delayed response=00000000
[RENODE] result=00000000 error=0
[RENODE] execute fn=8 data0=00000087 data1=00000001
[CFU] execute fn=8 data0=00000087 data1=00000001
[CFU] delayed response=00000000
[RENODE] result=00000000 error=0
[RENODE] execute fn=8 data0=00000088 data1=00000001
[CFU] execute fn=8 data0=00000088 data1=00000001
[CFU] delayed response=00000000
[RENODE] result=00000000 error=0
[RENODE] execute fn=8 data0=00000089 data1=00000001
[CFU] execute fn=8 data0=00000089 data1=00000001
[CFU] delayed response=00000000
[RENODE] result=00000000 error=0
[RENODE] execute fn=8 data0=0000008a data1=00000001
[CFU] execute fn=8 data0=0000008a data1=00000001
[CFU] delayed response=00000000
[RENODE] result=00000000 error=0
[RENODE] execute fn=8 data0=0000008b data1=00000001
[CFU] execute fn=8 data0=0000008b data1=00000001
[CFU] delayed response=00000000
[RENODE] result=00000000 error=0
[RENODE] execute fn=8 data0=0000008c data1=00000001
[CFU] execute fn=8 data0=0000008c data1=00000001
[CFU] delayed response=00000000
[RENODE] result=00000000 error=0
[RENODE] execute fn=8 data0=0000008d data1=00000001
[CFU] execute fn=8 data0=0000008d data1=00000001
[CFU] delayed response=00000000
[RENODE] result=00000000 error=0
[RENODE] execute fn=8 data0=0000008e data1=00000001
[CFU] execute fn=8 data0=0000008e data1=00000001
[CFU] delayed response=00000000
[RENODE] result=00000000 error=0
[RENODE] execute fn=8 data0=0000008f data1=00000001
[CFU] execute fn=8 data0=0000008f data1=00000001
[CFU] delayed response=00000000
[RENODE] result=00000000 error=0
[RENODE] execute fn=8 data0=00000090 data1=00000001
[CFU] execute fn=8 data0=00000090 data1=00000001
[CFU] delayed response=00000000
[RENODE] result=00000000 error=0
[RENODE] execute fn=8 data0=00000091 data1=00000001
[CFU] execute fn=8 data0=00000091 data1=00000001
[CFU] delayed response=00000000
[RENODE] result=00000000 error=0
[RENODE] execute fn=8 data0=00000092 data1=00000001
[CFU] execute fn=8 data0=00000092 data1=00000001
[CFU] delayed response=00000000
[RENODE] result=00000000 error=0
[RENODE] execute fn=8 data0=00000093 data1=00000001
[CFU] execute fn=8 data0=00000093 data1=00000001
[CFU] delayed response=00000000
[RENODE] result=00000000 error=0
[RENODE] execute fn=8 data0=00000094 data1=00000001
[CFU] execute fn=8 data0=00000094 data1=00000001
[CFU] delayed response=00000000
[RENODE] result=00000000 error=0
[RENODE] execute fn=8 data0=00000095 data1=00000001
[CFU] execute fn=8 data0=00000095 data1=00000001
[CFU] delayed response=00000000
[RENODE] result=00000000 error=0
[RENODE] execute fn=8 data0=00000096 data1=00000001
[CFU] execute fn=8 data0=00000096 data1=00000001
[CFU] delayed response=00000000
[RENODE] result=00000000 error=0
[RENODE] execute fn=8 data0=00000097 data1=00000001
[CFU] execute fn=8 data0=00000097 data1=00000001
[CFU] delayed response=00000000
[RENODE] result=00000000 error=0
[RENODE] execute fn=8 data0=00000098 data1=00000001
[CFU] execute fn=8 data0=00000098 data1=00000001
[CFU] delayed response=00000000
[RENODE] result=00000000 error=0
[RENODE] execute fn=8 data0=00000099 data1=00000001
[CFU] execute fn=8 data0=00000099 data1=00000001
[CFU] delayed response=00000000
[RENODE] result=00000000 error=0
[RENODE] execute fn=8 data0=0000009a data1=00000001
[CFU] execute fn=8 data0=0000009a data1=00000001
[CFU] delayed response=00000000
[RENODE] result=00000000 error=0
[RENODE] execute fn=8 data0=0000009b data1=00000001
[CFU] execute fn=8 data0=0000009b data1=00000001
[CFU] delayed response=00000000
[RENODE] result=00000000 error=0
[RENODE] execute fn=8 data0=0000009c data1=00000001
[CFU] execute fn=8 data0=0000009c data1=00000001
[CFU] delayed response=00000000
[RENODE] result=00000000 error=0
[RENODE] execute fn=8 data0=0000009d data1=00000001
[CFU] execute fn=8 data0=0000009d data1=00000001
[CFU] delayed response=00000000
[RENODE] result=00000000 error=0
[RENODE] execute fn=8 data0=0000009e data1=00000001
[CFU] execute fn=8 data0=0000009e data1=00000001
[CFU] delayed response=00000000
[RENODE] result=00000000 error=0
[RENODE] execute fn=8 data0=0000009f data1=00000001
[CFU] execute fn=8 data0=0000009f data1=00000001
[CFU] delayed response=00000000
[RENODE] result=00000000 error=0
[RENODE] execute fn=8 data0=000000a0 data1=00000001
[CFU] execute fn=8 data0=000000a0 data1=00000001
[CFU] delayed response=00000000
[RENODE] result=00000000 error=0
[RENODE] execute fn=8 data0=000000a1 data1=00000001
[CFU] execute fn=8 data0=000000a1 data1=00000001
[CFU] delayed response=00000000
[RENODE] result=00000000 error=0
[RENODE] execute fn=8 data0=000000a2 data1=00000001
[CFU] execute fn=8 data0=000000a2 data1=00000001
[CFU] delayed response=00000000
[RENODE] result=00000000 error=0
[RENODE] execute fn=8 data0=000000a3 data1=00000001
[CFU] execute fn=8 data0=000000a3 data1=00000001
[CFU] delayed response=00000000
[RENODE] result=00000000 error=0
[RENODE] execute fn=8 data0=000000a4 data1=00000001
[CFU] execute fn=8 data0=000000a4 data1=00000001
[CFU] delayed response=00000000
[RENODE] result=00000000 error=0
[RENODE] execute fn=8 data0=000000a5 data1=00000001
[CFU] execute fn=8 data0=000000a5 data1=00000001
[CFU] delayed response=00000000
[RENODE] result=00000000 error=0
[RENODE] execute fn=8 data0=000000a6 data1=00000001
[CFU] execute fn=8 data0=000000a6 data1=00000001
[CFU] delayed response=00000000
[RENODE] result=00000000 error=0
[RENODE] execute fn=8 data0=000000a7 data1=00000001
[CFU] execute fn=8 data0=000000a7 data1=00000001
[CFU] delayed response=00000000
[RENODE] result=00000000 error=0
[RENODE] execute fn=8 data0=000000a8 data1=00000001
[CFU] execute fn=8 data0=000000a8 data1=00000001
[CFU] delayed response=00000000
[RENODE] result=00000000 error=0
[RENODE] execute fn=8 data0=000000a9 data1=00000001
[CFU] execute fn=8 data0=000000a9 data1=00000001
[CFU] delayed response=00000000
[RENODE] result=00000000 error=0
[RENODE] execute fn=8 data0=000000aa data1=00000001
[CFU] execute fn=8 data0=000000aa data1=00000001
[CFU] delayed response=00000000
[RENODE] result=00000000 error=0
[RENODE] execute fn=8 data0=000000ab data1=00000001
[CFU] execute fn=8 data0=000000ab data1=00000001
[CFU] delayed response=00000000
[RENODE] result=00000000 error=0
[RENODE] execute fn=8 data0=000000ac data1=00000001
[CFU] execute fn=8 data0=000000ac data1=00000001
[CFU] delayed response=00000000
[RENODE] result=00000000 error=0
[RENODE] execute fn=8 data0=000000ad data1=00000001
[CFU] execute fn=8 data0=000000ad data1=00000001
[CFU] delayed response=00000000
[RENODE] result=00000000 error=0
[RENODE] execute fn=8 data0=000000ae data1=00000001
[CFU] execute fn=8 data0=000000ae data1=00000001
[CFU] delayed response=00000000
[RENODE] result=00000000 error=0
[RENODE] execute fn=8 data0=000000af data1=00000001
[CFU] execute fn=8 data0=000000af data1=00000001
[CFU] delayed response=00000000
[RENODE] result=00000000 error=0
[RENODE] execute fn=8 data0=000000b0 data1=00000001
[CFU] execute fn=8 data0=000000b0 data1=00000001
[CFU] delayed response=00000000
[RENODE] result=00000000 error=0
[RENODE] execute fn=8 data0=000000b1 data1=00000001
[CFU] execute fn=8 data0=000000b1 data1=00000001
[CFU] delayed response=00000000
[RENODE] result=00000000 error=0
[RENODE] execute fn=8 data0=000000b2 data1=00000001
[CFU] execute fn=8 data0=000000b2 data1=00000001
[CFU] delayed response=00000000
[RENODE] result=00000000 error=0
[RENODE] execute fn=8 data0=000000b3 data1=00000001
[CFU] execute fn=8 data0=000000b3 data1=00000001
[CFU] delayed response=00000000
[RENODE] result=00000000 error=0
[RENODE] execute fn=8 data0=000000b4 data1=00000001
[CFU] execute fn=8 data0=000000b4 data1=00000001
[CFU] delayed response=00000000
[RENODE] result=00000000 error=0
[RENODE] execute fn=8 data0=000000b5 data1=00000001
[CFU] execute fn=8 data0=000000b5 data1=00000001
[CFU] delayed response=00000000
[RENODE] result=00000000 error=0
[RENODE] execute fn=8 data0=000000b6 data1=00000001
[CFU] execute fn=8 data0=000000b6 data1=00000001
[CFU] delayed response=00000000
[RENODE] result=00000000 error=0
[RENODE] execute fn=8 data0=000000b7 data1=00000001
[CFU] execute fn=8 data0=000000b7 data1=00000001
[CFU] delayed response=00000000
[RENODE] result=00000000 error=0
[RENODE] execute fn=8 data0=000000b8 data1=00000001
[CFU] execute fn=8 data0=000000b8 data1=00000001
[CFU] delayed response=00000000
[RENODE] result=00000000 error=0
[RENODE] execute fn=8 data0=000000b9 data1=00000001
[CFU] execute fn=8 data0=000000b9 data1=00000001
[CFU] delayed response=00000000
[RENODE] result=00000000 error=0
[RENODE] execute fn=8 data0=000000ba data1=00000001
[CFU] execute fn=8 data0=000000ba data1=00000001
[CFU] delayed response=00000000
[RENODE] result=00000000 error=0
[RENODE] execute fn=8 data0=000000bb data1=00000001
[CFU] execute fn=8 data0=000000bb data1=00000001
[CFU] delayed response=00000000
[RENODE] result=00000000 error=0
[RENODE] execute fn=8 data0=000000bc data1=00000001
[CFU] execute fn=8 data0=000000bc data1=00000001
[CFU] delayed response=00000000
[RENODE] result=00000000 error=0
[RENODE] execute fn=8 data0=000000bd data1=00000001
[CFU] execute fn=8 data0=000000bd data1=00000001
[CFU] delayed response=00000000
[RENODE] result=00000000 error=0
[RENODE] execute fn=8 data0=000000be data1=00000001
[CFU] execute fn=8 data0=000000be data1=00000001
[CFU] delayed response=00000000
[RENODE] result=00000000 error=0
[RENODE] execute fn=8 data0=000000bf data1=00000001
[CFU] execute fn=8 data0=000000bf data1=00000001
[CFU] delayed response=00000000
[RENODE] result=00000000 error=0
21:05:56.9389 [INFO] uart: [host: 96.68ms (+14.85ms)|virt: 0.9ms (+0.3ms)] Loading expansion weights...
[33;1m(mnv2_depthwise_phase9b) [0m[RENODE] execute fn=16 data0=00000000 data1=00000001
[CFU] execute fn=16 data0=00000000 data1=00000001
[CFU] delayed response=00000000
[RENODE] result=00000000 error=0
[RENODE] execute fn=16 data0=00000001 data1=00000001
[CFU] execute fn=16 data0=00000001 data1=00000001
[CFU] delayed response=00000000
[RENODE] result=00000000 error=0
[RENODE] execute fn=16 data0=00000002 data1=00000001
[CFU] execute fn=16 data0=00000002 data1=00000001
[CFU] delayed response=00000000
[RENODE] result=00000000 error=0
[RENODE] execute fn=16 data0=00000003 data1=00000001
[CFU] execute fn=16 data0=00000003 data1=00000001
[CFU] delayed response=00000000
[RENODE] result=00000000 error=0
[RENODE] execute fn=16 data0=00000004 data1=00000001
[CFU] execute fn=16 data0=00000004 data1=00000001
[CFU] delayed response=00000000
[RENODE] result=00000000 error=0
[RENODE] execute fn=16 data0=00000005 data1=00000001
[CFU] execute fn=16 data0=00000005 data1=00000001
[CFU] delayed response=00000000
[RENODE] result=00000000 error=0
[RENODE] execute fn=16 data0=00000006 data1=00000001
[CFU] execute fn=16 data0=00000006 data1=00000001
[CFU] delayed response=00000000
[RENODE] result=00000000 error=0
[RENODE] execute fn=16 data0=00000007 data1=00000001
[CFU] execute fn=16 data0=00000007 data1=00000001
[CFU] delayed response=00000000
[RENODE] result=00000000 error=0
[RENODE] execute fn=16 data0=00000008 data1=00000001
[CFU] execute fn=16 data0=00000008 data1=00000001
[CFU] delayed response=00000000
[RENODE] result=00000000 error=0
[RENODE] execute fn=16 data0=00000009 data1=00000001
[CFU] execute fn=16 data0=00000009 data1=00000001
[CFU] delayed response=00000000
[RENODE] result=00000000 error=0
[RENODE] execute fn=16 data0=0000000a data1=00000001
[CFU] execute fn=16 data0=0000000a data1=00000001
[CFU] delayed response=00000000
[RENODE] result=00000000 error=0
[RENODE] execute fn=16 data0=0000000b data1=00000001
[CFU] execute fn=16 data0=0000000b data1=00000001
[CFU] delayed response=00000000
[RENODE] result=00000000 error=0
[RENODE] execute fn=16 data0=0000000c data1=00000001
[CFU] execute fn=16 data0=0000000c data1=00000001
[CFU] delayed response=00000000
[RENODE] result=00000000 error=0
[RENODE] execute fn=16 data0=0000000d data1=00000001
[CFU] execute fn=16 data0=0000000d data1=00000001
[CFU] delayed response=00000000
[RENODE] result=00000000 error=0
[RENODE] execute fn=16 data0=0000000e data1=00000001
[CFU] execute fn=16 data0=0000000e data1=00000001
[CFU] delayed response=00000000
[RENODE] result=00000000 error=0
[RENODE] execute fn=16 data0=0000000f data1=00000001
[CFU] execute fn=16 data0=0000000f data1=00000001
[CFU] delayed response=00000000
[RENODE] result=00000000 error=0
[RENODE] execute fn=16 data0=00000010 data1=00000001
[CFU] execute fn=16 data0=00000010 data1=00000001
[CFU] delayed response=00000000
[RENODE] result=00000000 error=0
[RENODE] execute fn=16 data0=00000011 data1=00000001
[CFU] execute fn=16 data0=00000011 data1=00000001
[CFU] delayed response=00000000
[RENODE] result=00000000 error=0
[RENODE] execute fn=16 data0=00000012 data1=00000001
[CFU] execute fn=16 data0=00000012 data1=00000001
[CFU] delayed response=00000000
[RENODE] result=00000000 error=0
[RENODE] execute fn=16 data0=00000013 data1=00000001
[CFU] execute fn=16 data0=00000013 data1=00000001
[CFU] delayed response=00000000
[RENODE] result=00000000 error=0
[RENODE] execute fn=16 data0=00000014 data1=00000001
[CFU] execute fn=16 data0=00000014 data1=00000001
[CFU] delayed response=00000000
[RENODE] result=00000000 error=0
[RENODE] execute fn=16 data0=00000015 data1=00000001
[CFU] execute fn=16 data0=00000015 data1=00000001
[CFU] delayed response=00000000
[RENODE] result=00000000 error=0
[RENODE] execute fn=16 data0=00000016 data1=00000001
[CFU] execute fn=16 data0=00000016 data1=00000001
[CFU] delayed response=00000000
[RENODE] result=00000000 error=0
[RENODE] execute fn=16 data0=00000017 data1=00000001
[CFU] execute fn=16 data0=00000017 data1=00000001
[CFU] delayed response=00000000
[RENODE] result=00000000 error=0
[RENODE] execute fn=16 data0=00000018 data1=00000001
[CFU] execute fn=16 data0=00000018 data1=00000001
[CFU] delayed response=00000000
[RENODE] result=00000000 error=0
[RENODE] execute fn=16 data0=00000019 data1=00000001
[CFU] execute fn=16 data0=00000019 data1=00000001
[CFU] delayed response=00000000
[RENODE] result=00000000 error=0
[RENODE] execute fn=16 data0=0000001a data1=00000001
[CFU] execute fn=16 data0=0000001a data1=00000001
[CFU] delayed response=00000000
[RENODE] result=00000000 error=0
[RENODE] execute fn=16 data0=0000001b data1=00000001
[CFU] execute fn=16 data0=0000001b data1=00000001
[CFU] delayed response=00000000
[RENODE] result=00000000 error=0
[RENODE] execute fn=16 data0=0000001c data1=00000001
[CFU] execute fn=16 data0=0000001c data1=00000001
[CFU] delayed response=00000000
[RENODE] result=00000000 error=0
[RENODE] execute fn=16 data0=0000001d data1=00000001
[CFU] execute fn=16 data0=0000001d data1=00000001
[CFU] delayed response=00000000
[RENODE] result=00000000 error=0
[RENODE] execute fn=16 data0=0000001e data1=00000001
[CFU] execute fn=16 data0=0000001e data1=00000001
[CFU] delayed response=00000000
[RENODE] result=00000000 error=0
[RENODE] execute fn=16 data0=0000001f data1=00000001
[CFU] execute fn=16 data0=0000001f data1=00000001
[CFU] delayed response=00000000
[RENODE] result=00000000 error=0
[RENODE] execute fn=16 data0=00000020 data1=00000001
[CFU] execute fn=16 data0=00000020 data1=00000001
[CFU] delayed response=00000000
[RENODE] result=00000000 error=0
[RENODE] execute fn=16 data0=00000021 data1=00000001
[CFU] execute fn=16 data0=00000021 data1=00000001
[CFU] delayed response=00000000
[RENODE] result=00000000 error=0
[RENODE] execute fn=16 data0=00000022 data1=00000001
[CFU] execute fn=16 data0=00000022 data1=00000001
[CFU] delayed response=00000000
[RENODE] result=00000000 error=0
[RENODE] execute fn=16 data0=00000023 data1=00000001
[CFU] execute fn=16 data0=00000023 data1=00000001
[CFU] delayed response=00000000
[RENODE] result=00000000 error=0
[RENODE] execute fn=16 data0=00000024 data1=00000001
[CFU] execute fn=16 data0=00000024 data1=00000001
[CFU] delayed response=00000000
[RENODE] result=00000000 error=0
[RENODE] execute fn=16 data0=00000025 data1=00000001
[CFU] execute fn=16 data0=00000025 data1=00000001
[CFU] delayed response=00000000
[RENODE] result=00000000 error=0
[RENODE] execute fn=16 data0=00000026 data1=00000001
[CFU] execute fn=16 data0=00000026 data1=00000001
[CFU] delayed response=00000000
[RENODE] result=00000000 error=0
[RENODE] execute fn=16 data0=00000027 data1=00000001
[CFU] execute fn=16 data0=00000027 data1=00000001
[CFU] delayed response=00000000
[RENODE] result=00000000 error=0
[RENODE] execute fn=16 data0=00000028 data1=00000001
[CFU] execute fn=16 data0=00000028 data1=00000001
[CFU] delayed response=00000000
[RENODE] result=00000000 error=0
[RENODE] execute fn=16 data0=00000029 data1=00000001
[CFU] execute fn=16 data0=00000029 data1=00000001
[CFU] delayed response=00000000
[RENODE] result=00000000 error=0
[RENODE] execute fn=16 data0=0000002a data1=00000001
[CFU] execute fn=16 data0=0000002a data1=00000001
[CFU] delayed response=00000000
[RENODE] result=00000000 error=0
[RENODE] execute fn=16 data0=0000002b data1=00000001
[CFU] execute fn=16 data0=0000002b data1=00000001
[CFU] delayed response=00000000
[RENODE] result=00000000 error=0
[RENODE] execute fn=16 data0=0000002c data1=00000001
[CFU] execute fn=16 data0=0000002c data1=00000001
[CFU] delayed response=00000000
[RENODE] result=00000000 error=0
[RENODE] execute fn=16 data0=0000002d data1=00000001
[CFU] execute fn=16 data0=0000002d data1=00000001
[CFU] delayed response=00000000
[RENODE] result=00000000 error=0
[RENODE] execute fn=16 data0=0000002e data1=00000001
[CFU] execute fn=16 data0=0000002e data1=00000001
[CFU] delayed response=00000000
[RENODE] result=00000000 error=0
[RENODE] execute fn=16 data0=0000002f data1=00000001
[CFU] execute fn=16 data0=0000002f data1=00000001
[CFU] delayed response=00000000
[RENODE] result=00000000 error=0
[RENODE] execute fn=16 data0=00000030 data1=00000001
[CFU] execute fn=16 data0=00000030 data1=00000001
[CFU] delayed response=00000000
[RENODE] result=00000000 error=0
[RENODE] execute fn=16 data0=00000031 data1=00000001
[CFU] execute fn=16 data0=00000031 data1=00000001
[CFU] delayed response=00000000
[RENODE] result=00000000 error=0
[RENODE] execute fn=16 data0=00000032 data1=00000001
[CFU] execute fn=16 data0=00000032 data1=00000001
[CFU] delayed response=00000000
[RENODE] result=00000000 error=0
[RENODE] execute fn=16 data0=00000033 data1=00000001
[CFU] execute fn=16 data0=00000033 data1=00000001
[CFU] delayed response=00000000
[RENODE] result=00000000 error=0
[RENODE] execute fn=16 data0=00000034 data1=00000001
[CFU] execute fn=16 data0=00000034 data1=00000001
[CFU] delayed response=00000000
[RENODE] result=00000000 error=0
[RENODE] execute fn=16 data0=00000035 data1=00000001
[CFU] execute fn=16 data0=00000035 data1=00000001
[CFU] delayed response=00000000
[RENODE] result=00000000 error=0
[RENODE] execute fn=16 data0=00000036 data1=00000001
[CFU] execute fn=16 data0=00000036 data1=00000001
[CFU] delayed response=00000000
[RENODE] result=00000000 error=0
[RENODE] execute fn=16 data0=00000037 data1=00000001
[CFU] execute fn=16 data0=00000037 data1=00000001
[CFU] delayed response=00000000
[RENODE] result=00000000 error=0
[RENODE] execute fn=16 data0=00000038 data1=00000001
[CFU] execute fn=16 data0=00000038 data1=00000001
[CFU] delayed response=00000000
[RENODE] result=00000000 error=0
[RENODE] execute fn=16 data0=00000039 data1=00000001
[CFU] execute fn=16 data0=00000039 data1=00000001
[CFU] delayed response=00000000
[RENODE] result=00000000 error=0
[RENODE] execute fn=16 data0=0000003a data1=00000001
[CFU] execute fn=16 data0=0000003a data1=00000001
[CFU] delayed response=00000000
[RENODE] result=00000000 error=0
[RENODE] execute fn=16 data0=0000003b data1=00000001
[CFU] execute fn=16 data0=0000003b data1=00000001
[CFU] delayed response=00000000
[RENODE] result=00000000 error=0
[RENODE] execute fn=16 data0=0000003c data1=00000001
[CFU] execute fn=16 data0=0000003c data1=00000001
[CFU] delayed response=00000000
[RENODE] result=00000000 error=0
[RENODE] execute fn=16 data0=0000003d data1=00000001
[CFU] execute fn=16 data0=0000003d data1=00000001
[CFU] delayed response=00000000
[RENODE] result=00000000 error=0
[RENODE] execute fn=16 data0=0000003e data1=00000001
[CFU] execute fn=16 data0=0000003e data1=00000001
[CFU] delayed response=00000000
[RENODE] result=00000000 error=0
[RENODE] execute fn=16 data0=0000003f data1=00000001
[CFU] execute fn=16 data0=0000003f data1=00000001
[CFU] delayed response=00000000
[RENODE] result=00000000 error=0
[RENODE] execute fn=16 data0=00000040 data1=00000001
[CFU] execute fn=16 data0=00000040 data1=00000001
[CFU] delayed response=00000000
[RENODE] result=00000000 error=0
[RENODE] execute fn=16 data0=00000041 data1=00000001
[CFU] execute fn=16 data0=00000041 data1=00000001
[CFU] delayed response=00000000
[RENODE] result=00000000 error=0
[RENODE] execute fn=16 data0=00000042 data1=00000001
[CFU] execute fn=16 data0=00000042 data1=00000001
[CFU] delayed response=00000000
[RENODE] result=00000000 error=0
[RENODE] execute fn=16 data0=00000043 data1=00000001
[CFU] execute fn=16 data0=00000043 data1=00000001
[CFU] delayed response=00000000
[RENODE] result=00000000 error=0
[RENODE] execute fn=16 data0=00000044 data1=00000001
[CFU] execute fn=16 data0=00000044 data1=00000001
[CFU] delayed response=00000000
[RENODE] result=00000000 error=0
[RENODE] execute fn=16 data0=00000045 data1=00000001
[CFU] execute fn=16 data0=00000045 data1=00000001
[CFU] delayed response=00000000
[RENODE] result=00000000 error=0
[RENODE] execute fn=16 data0=00000046 data1=00000001
[CFU] execute fn=16 data0=00000046 data1=00000001
[CFU] delayed response=00000000
[RENODE] result=00000000 error=0
[RENODE] execute fn=16 data0=00000047 data1=00000001
[CFU] execute fn=16 data0=00000047 data1=00000001
[CFU] delayed response=00000000
[RENODE] result=00000000 error=0
[RENODE] execute fn=16 data0=00000048 data1=00000001
[CFU] execute fn=16 data0=00000048 data1=00000001
[CFU] delayed response=00000000
[RENODE] result=00000000 error=0
[RENODE] execute fn=16 data0=00000049 data1=00000001
[CFU] execute fn=16 data0=00000049 data1=00000001
[CFU] delayed response=00000000
[RENODE] result=00000000 error=0
[RENODE] execute fn=16 data0=0000004a data1=00000001
[CFU] execute fn=16 data0=0000004a data1=00000001
[CFU] delayed response=00000000
[RENODE] result=00000000 error=0
[RENODE] execute fn=16 data0=0000004b data1=00000001
[CFU] execute fn=16 data0=0000004b data1=00000001
[CFU] delayed response=00000000
[RENODE] result=00000000 error=0
[RENODE] execute fn=16 data0=0000004c data1=00000001
[CFU] execute fn=16 data0=0000004c data1=00000001
[CFU] delayed response=00000000
[RENODE] result=00000000 error=0
[RENODE] execute fn=16 data0=0000004d data1=00000001
[CFU] execute fn=16 data0=0000004d data1=00000001
[CFU] delayed response=00000000
[RENODE] result=00000000 error=0
[RENODE] execute fn=16 data0=0000004e data1=00000001
[CFU] execute fn=16 data0=0000004e data1=00000001
[CFU] delayed response=00000000
[RENODE] result=00000000 error=0
[RENODE] execute fn=16 data0=0000004f data1=00000001
[CFU] execute fn=16 data0=0000004f data1=00000001
[CFU] delayed response=00000000
[RENODE] result=00000000 error=0
[RENODE] execute fn=16 data0=00000050 data1=00000001
[CFU] execute fn=16 data0=00000050 data1=00000001
[CFU] delayed response=00000000
[RENODE] result=00000000 error=0
[RENODE] execute fn=16 data0=00000051 data1=00000001
[CFU] execute fn=16 data0=00000051 data1=00000001
[CFU] delayed response=00000000
[RENODE] result=00000000 error=0
[RENODE] execute fn=16 data0=00000052 data1=00000001
[CFU] execute fn=16 data0=00000052 data1=00000001
[CFU] delayed response=00000000
[RENODE] result=00000000 error=0
[RENODE] execute fn=16 data0=00000053 data1=00000001
[CFU] execute fn=16 data0=00000053 data1=00000001
[CFU] delayed response=00000000
[RENODE] result=00000000 error=0
[RENODE] execute fn=16 data0=00000054 data1=00000001
[CFU] execute fn=16 data0=00000054 data1=00000001
[CFU] delayed response=00000000
[RENODE] result=00000000 error=0
[RENODE] execute fn=16 data0=00000055 data1=00000001
[CFU] execute fn=16 data0=00000055 data1=00000001
[CFU] delayed response=00000000
[RENODE] result=00000000 error=0
[RENODE] execute fn=16 data0=00000056 data1=00000001
[CFU] execute fn=16 data0=00000056 data1=00000001
[CFU] delayed response=00000000
[RENODE] result=00000000 error=0
[RENODE] execute fn=16 data0=00000057 data1=00000001
[CFU] execute fn=16 data0=00000057 data1=00000001
[CFU] delayed response=00000000
[RENODE] result=00000000 error=0
[RENODE] execute fn=16 data0=00000058 data1=00000001
[CFU] execute fn=16 data0=00000058 data1=00000001
[CFU] delayed response=00000000
[RENODE] result=00000000 error=0
[RENODE] execute fn=16 data0=00000059 data1=00000001
[CFU] execute fn=16 data0=00000059 data1=00000001
[CFU] delayed response=00000000
[RENODE] result=00000000 error=0
[RENODE] execute fn=16 data0=0000005a data1=00000001
[CFU] execute fn=16 data0=0000005a data1=00000001
[CFU] delayed response=00000000
[RENODE] result=00000000 error=0
[RENODE] execute fn=16 data0=0000005b data1=00000001
[CFU] execute fn=16 data0=0000005b data1=00000001
[CFU] delayed response=00000000
[RENODE] result=00000000 error=0
[RENODE] execute fn=16 data0=0000005c data1=00000001
[CFU] execute fn=16 data0=0000005c data1=00000001
[CFU] delayed response=00000000
[RENODE] result=00000000 error=0
[RENODE] execute fn=16 data0=0000005d data1=00000001
[CFU] execute fn=16 data0=0000005d data1=00000001
[CFU] delayed response=00000000
[RENODE] result=00000000 error=0
[RENODE] execute fn=16 data0=0000005e data1=00000001
[CFU] execute fn=16 data0=0000005e data1=00000001
[CFU] delayed response=00000000
[RENODE] result=00000000 error=0
[RENODE] execute fn=16 data0=0000005f data1=00000001
[CFU] execute fn=16 data0=0000005f data1=00000001
[CFU] delayed response=00000000
[RENODE] result=00000000 error=0
[RENODE] execute fn=16 data0=00000060 data1=00000001
[CFU] execute fn=16 data0=00000060 data1=00000001
[CFU] delayed response=00000000
[RENODE] result=00000000 error=0
[RENODE] execute fn=16 data0=00000061 data1=00000001
[CFU] execute fn=16 data0=00000061 data1=00000001
[CFU] delayed response=00000000
[RENODE] result=00000000 error=0
[RENODE] execute fn=16 data0=00000062 data1=00000001
[CFU] execute fn=16 data0=00000062 data1=00000001
[CFU] delayed response=00000000
[RENODE] result=00000000 error=0
[RENODE] execute fn=16 data0=00000063 data1=00000001
[CFU] execute fn=16 data0=00000063 data1=00000001
[CFU] delayed response=00000000
[RENODE] result=00000000 error=0
[RENODE] execute fn=16 data0=00000064 data1=00000001
[CFU] execute fn=16 data0=00000064 data1=00000001
[CFU] delayed response=00000000
[RENODE] result=00000000 error=0
[RENODE] execute fn=16 data0=00000065 data1=00000001
[CFU] execute fn=16 data0=00000065 data1=00000001
[CFU] delayed response=00000000
[RENODE] result=00000000 error=0
[RENODE] execute fn=16 data0=00000066 data1=00000001
[CFU] execute fn=16 data0=00000066 data1=00000001
[CFU] delayed response=00000000
[RENODE] result=00000000 error=0
[RENODE] execute fn=16 data0=00000067 data1=00000001
[CFU] execute fn=16 data0=00000067 data1=00000001
[CFU] delayed response=00000000
[RENODE] result=00000000 error=0
[RENODE] execute fn=16 data0=00000068 data1=00000001
[CFU] execute fn=16 data0=00000068 data1=00000001
[CFU] delayed response=00000000
[RENODE] result=00000000 error=0
[RENODE] execute fn=16 data0=00000069 data1=00000001
[CFU] execute fn=16 data0=00000069 data1=00000001
[CFU] delayed response=00000000
[RENODE] result=00000000 error=0
[RENODE] execute fn=16 data0=0000006a data1=00000001
[CFU] execute fn=16 data0=0000006a data1=00000001
[CFU] delayed response=00000000
[RENODE] result=00000000 error=0
[RENODE] execute fn=16 data0=0000006b data1=00000001
[CFU] execute fn=16 data0=0000006b data1=00000001
[CFU] delayed response=00000000
[RENODE] result=00000000 error=0
[RENODE] execute fn=16 data0=0000006c data1=00000001
[CFU] execute fn=16 data0=0000006c data1=00000001
[CFU] delayed response=00000000
[RENODE] result=00000000 error=0
[RENODE] execute fn=16 data0=0000006d data1=00000001
[CFU] execute fn=16 data0=0000006d data1=00000001
[CFU] delayed response=00000000
[RENODE] result=00000000 error=0
[RENODE] execute fn=16 data0=0000006e data1=00000001
[CFU] execute fn=16 data0=0000006e data1=00000001
[CFU] delayed response=00000000
[RENODE] result=00000000 error=0
[RENODE] execute fn=16 data0=0000006f data1=00000001
[CFU] execute fn=16 data0=0000006f data1=00000001
[CFU] delayed response=00000000
[RENODE] result=00000000 error=0
[RENODE] execute fn=16 data0=00000070 data1=00000001
[CFU] execute fn=16 data0=00000070 data1=00000001
[CFU] delayed response=00000000
[RENODE] result=00000000 error=0
[RENODE] execute fn=16 data0=00000071 data1=00000001
[CFU] execute fn=16 data0=00000071 data1=00000001
[CFU] delayed response=00000000
[RENODE] result=00000000 error=0
[RENODE] execute fn=16 data0=00000072 data1=00000001
[CFU] execute fn=16 data0=00000072 data1=00000001
[CFU] delayed response=00000000
[RENODE] result=00000000 error=0
[RENODE] execute fn=16 data0=00000073 data1=00000001
[CFU] execute fn=16 data0=00000073 data1=00000001
[CFU] delayed response=00000000
[RENODE] result=00000000 error=0
[RENODE] execute fn=16 data0=00000074 data1=00000001
[CFU] execute fn=16 data0=00000074 data1=00000001
[CFU] delayed response=00000000
[RENODE] result=00000000 error=0
[RENODE] execute fn=16 data0=00000075 data1=00000001
[CFU] execute fn=16 data0=00000075 data1=00000001
[CFU] delayed response=00000000
[RENODE] result=00000000 error=0
[RENODE] execute fn=16 data0=00000076 data1=00000001
[CFU] execute fn=16 data0=00000076 data1=00000001
[CFU] delayed response=00000000
[RENODE] result=00000000 error=0
[RENODE] execute fn=16 data0=00000077 data1=00000001
[CFU] execute fn=16 data0=00000077 data1=00000001
[CFU] delayed response=00000000
[RENODE] result=00000000 error=0
[RENODE] execute fn=16 data0=00000078 data1=00000001
[CFU] execute fn=16 data0=00000078 data1=00000001
[CFU] delayed response=00000000
[RENODE] result=00000000 error=0
[RENODE] execute fn=16 data0=00000079 data1=00000001
[CFU] execute fn=16 data0=00000079 data1=00000001
[CFU] delayed response=00000000
[RENODE] result=00000000 error=0
[RENODE] execute fn=16 data0=0000007a data1=00000001
[CFU] execute fn=16 data0=0000007a data1=00000001
[CFU] delayed response=00000000
[RENODE] result=00000000 error=0
[RENODE] execute fn=16 data0=0000007b data1=00000001
[CFU] execute fn=16 data0=0000007b data1=00000001
[CFU] delayed response=00000000
[RENODE] result=00000000 error=0
[RENODE] execute fn=16 data0=0000007c data1=00000001
[CFU] execute fn=16 data0=0000007c data1=00000001
[CFU] delayed response=00000000
[RENODE] result=00000000 error=0
[RENODE] execute fn=16 data0=0000007d data1=00000001
[CFU] execute fn=16 data0=0000007d data1=00000001
[CFU] delayed response=00000000
[RENODE] result=00000000 error=0
[RENODE] execute fn=16 data0=0000007e data1=00000001
[CFU] execute fn=16 data0=0000007e data1=00000001
[CFU] delayed response=00000000
[RENODE] result=00000000 error=0
[RENODE] execute fn=16 data0=0000007f data1=00000001
[CFU] execute fn=16 data0=0000007f data1=00000001
[CFU] delayed response=00000000
[RENODE] result=00000000 error=0
[RENODE] execute fn=16 data0=00000080 data1=00000001
[CFU] execute fn=16 data0=00000080 data1=00000001
[CFU] delayed response=00000000
[RENODE] result=00000000 error=0
[RENODE] execute fn=16 data0=00000081 data1=00000001
[CFU] execute fn=16 data0=00000081 data1=00000001
[CFU] delayed response=00000000
[RENODE] result=00000000 error=0
[RENODE] execute fn=16 data0=00000082 data1=00000001
[CFU] execute fn=16 data0=00000082 data1=00000001
[CFU] delayed response=00000000
[RENODE] result=00000000 error=0
[RENODE] execute fn=16 data0=00000083 data1=00000001
[CFU] execute fn=16 data0=00000083 data1=00000001
[CFU] delayed response=00000000
[RENODE] result=00000000 error=0
[RENODE] execute fn=16 data0=00000084 data1=00000001
[CFU] execute fn=16 data0=00000084 data1=00000001
[CFU] delayed response=00000000
[RENODE] result=00000000 error=0
[RENODE] execute fn=16 data0=00000085 data1=00000001
[CFU] execute fn=16 data0=00000085 data1=00000001
[CFU] delayed response=00000000
[RENODE] result=00000000 error=0
[RENODE] execute fn=16 data0=00000086 data1=00000001
[CFU] execute fn=16 data0=00000086 data1=00000001
[CFU] delayed response=00000000
[RENODE] result=00000000 error=0
[RENODE] execute fn=16 data0=00000087 data1=00000001
[CFU] execute fn=16 data0=00000087 data1=00000001
[CFU] delayed response=00000000
[RENODE] result=00000000 error=0
[RENODE] execute fn=16 data0=00000088 data1=00000001
[CFU] execute fn=16 data0=00000088 data1=00000001
[CFU] delayed response=00000000
[RENODE] result=00000000 error=0
[RENODE] execute fn=16 data0=00000089 data1=00000001
[CFU] execute fn=16 data0=00000089 data1=00000001
[CFU] delayed response=00000000
[RENODE] result=00000000 error=0
[RENODE] execute fn=16 data0=0000008a data1=00000001
[CFU] execute fn=16 data0=0000008a data1=00000001
[CFU] delayed response=00000000
[RENODE] result=00000000 error=0
[RENODE] execute fn=16 data0=0000008b data1=00000001
[CFU] execute fn=16 data0=0000008b data1=00000001
[CFU] delayed response=00000000
[RENODE] result=00000000 error=0
[RENODE] execute fn=16 data0=0000008c data1=00000001
[CFU] execute fn=16 data0=0000008c data1=00000001
[CFU] delayed response=00000000
[RENODE] result=00000000 error=0
[RENODE] execute fn=16 data0=0000008d data1=00000001
[CFU] execute fn=16 data0=0000008d data1=00000001
[CFU] delayed response=00000000
[RENODE] result=00000000 error=0
[RENODE] execute fn=16 data0=0000008e data1=00000001
[CFU] execute fn=16 data0=0000008e data1=00000001
[CFU] delayed response=00000000
[RENODE] result=00000000 error=0
[RENODE] execute fn=16 data0=0000008f data1=00000001
[CFU] execute fn=16 data0=0000008f data1=00000001
[CFU] delayed response=00000000
[RENODE] result=00000000 error=0
[RENODE] execute fn=16 data0=00000090 data1=00000001
[CFU] execute fn=16 data0=00000090 data1=00000001
[CFU] delayed response=00000000
[RENODE] result=00000000 error=0
[RENODE] execute fn=16 data0=00000091 data1=00000001
[CFU] execute fn=16 data0=00000091 data1=00000001
[CFU] delayed response=00000000
[RENODE] result=00000000 error=0
[RENODE] execute fn=16 data0=00000092 data1=00000001
[CFU] execute fn=16 data0=00000092 data1=00000001
[CFU] delayed response=00000000
[RENODE] result=00000000 error=0
[RENODE] execute fn=16 data0=00000093 data1=00000001
[CFU] execute fn=16 data0=00000093 data1=00000001
[CFU] delayed response=00000000
[RENODE] result=00000000 error=0
[RENODE] execute fn=16 data0=00000094 data1=00000001
[CFU] execute fn=16 data0=00000094 data1=00000001
[CFU] delayed response=00000000
[RENODE] result=00000000 error=0
[RENODE] execute fn=16 data0=00000095 data1=00000001
[CFU] execute fn=16 data0=00000095 data1=00000001
[CFU] delayed response=00000000
[RENODE] result=00000000 error=0
[RENODE] execute fn=16 data0=00000096 data1=00000001
[CFU] execute fn=16 data0=00000096 data1=00000001
[CFU] delayed response=00000000
[RENODE] result=00000000 error=0
[RENODE] execute fn=16 data0=00000097 data1=00000001
[CFU] execute fn=16 data0=00000097 data1=00000001
[CFU] delayed response=00000000
[RENODE] result=00000000 error=0
[RENODE] execute fn=16 data0=00000098 data1=00000001
[CFU] execute fn=16 data0=00000098 data1=00000001
[CFU] delayed response=00000000
[RENODE] result=00000000 error=0
[RENODE] execute fn=16 data0=00000099 data1=00000001
[CFU] execute fn=16 data0=00000099 data1=00000001
[CFU] delayed response=00000000
[RENODE] result=00000000 error=0
[RENODE] execute fn=16 data0=0000009a data1=00000001
[CFU] execute fn=16 data0=0000009a data1=00000001
[CFU] delayed response=00000000
[RENODE] result=00000000 error=0
[RENODE] execute fn=16 data0=0000009b data1=00000001
[CFU] execute fn=16 data0=0000009b data1=00000001
[CFU] delayed response=00000000
[RENODE] result=00000000 error=0
[RENODE] execute fn=16 data0=0000009c data1=00000001
[CFU] execute fn=16 data0=0000009c data1=00000001
[CFU] delayed response=00000000
[RENODE] result=00000000 error=0
[RENODE] execute fn=16 data0=0000009d data1=00000001
[CFU] execute fn=16 data0=0000009d data1=00000001
[CFU] delayed response=00000000
[RENODE] result=00000000 error=0
[RENODE] execute fn=16 data0=0000009e data1=00000001
[CFU] execute fn=16 data0=0000009e data1=00000001
[CFU] delayed response=00000000
[RENODE] result=00000000 error=0
[RENODE] execute fn=16 data0=0000009f data1=00000001
[CFU] execute fn=16 data0=0000009f data1=00000001
[CFU] delayed response=00000000
[RENODE] result=00000000 error=0
[RENODE] execute fn=16 data0=000000a0 data1=00000001
[CFU] execute fn=16 data0=000000a0 data1=00000001
[CFU] delayed response=00000000
[RENODE] result=00000000 error=0
[RENODE] execute fn=16 data0=000000a1 data1=00000001
[CFU] execute fn=16 data0=000000a1 data1=00000001
[CFU] delayed response=00000000
[RENODE] result=00000000 error=0
[RENODE] execute fn=16 data0=000000a2 data1=00000001
[CFU] execute fn=16 data0=000000a2 data1=00000001
[CFU] delayed response=00000000
[RENODE] result=00000000 error=0
[RENODE] execute fn=16 data0=000000a3 data1=00000001
[CFU] execute fn=16 data0=000000a3 data1=00000001
[CFU] delayed response=00000000
[RENODE] result=00000000 error=0
[RENODE] execute fn=16 data0=000000a4 data1=00000001
[CFU] execute fn=16 data0=000000a4 data1=00000001
[CFU] delayed response=00000000
[RENODE] result=00000000 error=0
[RENODE] execute fn=16 data0=000000a5 data1=00000001
[CFU] execute fn=16 data0=000000a5 data1=00000001
[CFU] delayed response=00000000
[RENODE] result=00000000 error=0
[RENODE] execute fn=16 data0=000000a6 data1=00000001
[CFU] execute fn=16 data0=000000a6 data1=00000001
[CFU] delayed response=00000000
[RENODE] result=00000000 error=0
[RENODE] execute fn=16 data0=000000a7 data1=00000001
[CFU] execute fn=16 data0=000000a7 data1=00000001
[CFU] delayed response=00000000
[RENODE] result=00000000 error=0
[RENODE] execute fn=16 data0=000000a8 data1=00000001
[CFU] execute fn=16 data0=000000a8 data1=00000001
[CFU] delayed response=00000000
[RENODE] result=00000000 error=0
[RENODE] execute fn=16 data0=000000a9 data1=00000001
[CFU] execute fn=16 data0=000000a9 data1=00000001
[CFU] delayed response=00000000
[RENODE] result=00000000 error=0
[RENODE] execute fn=16 data0=000000aa data1=00000001
[CFU] execute fn=16 data0=000000aa data1=00000001
[CFU] delayed response=00000000
[RENODE] result=00000000 error=0
[RENODE] execute fn=16 data0=000000ab data1=00000001
[CFU] execute fn=16 data0=000000ab data1=00000001
[CFU] delayed response=00000000
[RENODE] result=00000000 error=0
[RENODE] execute fn=16 data0=000000ac data1=00000001
[CFU] execute fn=16 data0=000000ac data1=00000001
[CFU] delayed response=00000000
[RENODE] result=00000000 error=0
[RENODE] execute fn=16 data0=000000ad data1=00000001
[CFU] execute fn=16 data0=000000ad data1=00000001
[CFU] delayed response=00000000
[RENODE] result=00000000 error=0
[RENODE] execute fn=16 data0=000000ae data1=00000001
[CFU] execute fn=16 data0=000000ae data1=00000001
[CFU] delayed response=00000000
[RENODE] result=00000000 error=0
[RENODE] execute fn=16 data0=000000af data1=00000001
[CFU] execute fn=16 data0=000000af data1=00000001
[CFU] delayed response=00000000
[RENODE] result=00000000 error=0
[RENODE] execute fn=16 data0=000000b0 data1=00000001
[CFU] execute fn=16 data0=000000b0 data1=00000001
[CFU] delayed response=00000000
[RENODE] result=00000000 error=0
[RENODE] execute fn=16 data0=000000b1 data1=00000001
[CFU] execute fn=16 data0=000000b1 data1=00000001
[CFU] delayed response=00000000
[RENODE] result=00000000 error=0
[RENODE] execute fn=16 data0=000000b2 data1=00000001
[CFU] execute fn=16 data0=000000b2 data1=00000001
[CFU] delayed response=00000000
[RENODE] result=00000000 error=0
[RENODE] execute fn=16 data0=000000b3 data1=00000001
[CFU] execute fn=16 data0=000000b3 data1=00000001
[CFU] delayed response=00000000
[RENODE] result=00000000 error=0
[RENODE] execute fn=16 data0=000000b4 data1=00000001
[CFU] execute fn=16 data0=000000b4 data1=00000001
[CFU] delayed response=00000000
[RENODE] result=00000000 error=0
[RENODE] execute fn=16 data0=000000b5 data1=00000001
[CFU] execute fn=16 data0=000000b5 data1=00000001
[CFU] delayed response=00000000
[RENODE] result=00000000 error=0
[RENODE] execute fn=16 data0=000000b6 data1=00000001
[CFU] execute fn=16 data0=000000b6 data1=00000001
[CFU] delayed response=00000000
[RENODE] result=00000000 error=0
[RENODE] execute fn=16 data0=000000b7 data1=00000001
[CFU] execute fn=16 data0=000000b7 data1=00000001
[CFU] delayed response=00000000
[RENODE] result=00000000 error=0
[RENODE] execute fn=16 data0=000000b8 data1=00000001
[CFU] execute fn=16 data0=000000b8 data1=00000001
[CFU] delayed response=00000000
[RENODE] result=00000000 error=0
[RENODE] execute fn=16 data0=000000b9 data1=00000001
[CFU] execute fn=16 data0=000000b9 data1=00000001
[CFU] delayed response=00000000
[RENODE] result=00000000 error=0
[RENODE] execute fn=16 data0=000000ba data1=00000001
[CFU] execute fn=16 data0=000000ba data1=00000001
[CFU] delayed response=00000000
[RENODE] result=00000000 error=0
[RENODE] execute fn=16 data0=000000bb data1=00000001
[CFU] execute fn=16 data0=000000bb data1=00000001
[CFU] delayed response=00000000
[RENODE] result=00000000 error=0
[RENODE] execute fn=16 data0=000000bc data1=00000001
[CFU] execute fn=16 data0=000000bc data1=00000001
[CFU] delayed response=00000000
[RENODE] result=00000000 error=0
[RENODE] execute fn=16 data0=000000bd data1=00000001
[CFU] execute fn=16 data0=000000bd data1=00000001
[CFU] delayed response=00000000
[RENODE] result=00000000 error=0
[RENODE] execute fn=16 data0=000000be data1=00000001
[CFU] execute fn=16 data0=000000be data1=00000001
[CFU] delayed response=00000000
[RENODE] result=00000000 error=0
[RENODE] execute fn=16 data0=000000bf data1=00000001
[CFU] execute fn=16 data0=000000bf data1=00000001
[CFU] delayed response=00000000
[RENODE] result=00000000 error=0
[RENODE] execute fn=16 data0=000000c0 data1=00000001
[CFU] execute fn=16 data0=000000c0 data1=00000001
[CFU] delayed response=00000000
[RENODE] result=00000000 error=0
[RENODE] execute fn=16 data0=000000c1 data1=00000001
[CFU] execute fn=16 data0=000000c1 data1=00000001
[CFU] delayed response=00000000
[RENODE] result=00000000 error=0
[RENODE] execute fn=16 data0=000000c2 data1=00000001
[CFU] execute fn=16 data0=000000c2 data1=00000001
[CFU] delayed response=00000000
[RENODE] result=00000000 error=0
[RENODE] execute fn=16 data0=000000c3 data1=00000001
[CFU] execute fn=16 data0=000000c3 data1=00000001
[CFU] delayed response=00000000
[RENODE] result=00000000 error=0
[RENODE] execute fn=16 data0=000000c4 data1=00000001
[CFU] execute fn=16 data0=000000c4 data1=00000001
[CFU] delayed response=00000000
[RENODE] result=00000000 error=0
[RENODE] execute fn=16 data0=000000c5 data1=00000001
[CFU] execute fn=16 data0=000000c5 data1=00000001
[CFU] delayed response=00000000
[RENODE] result=00000000 error=0
[RENODE] execute fn=16 data0=000000c6 data1=00000001
[CFU] execute fn=16 data0=000000c6 data1=00000001
[CFU] delayed response=00000000
[RENODE] result=00000000 error=0
[RENODE] execute fn=16 data0=000000c7 data1=00000001
[CFU] execute fn=16 data0=000000c7 data1=00000001
[CFU] delayed response=00000000
[RENODE] result=00000000 error=0
[RENODE] execute fn=16 data0=000000c8 data1=00000001
[CFU] execute fn=16 data0=000000c8 data1=00000001
[CFU] delayed response=00000000
[RENODE] result=00000000 error=0
[RENODE] execute fn=16 data0=000000c9 data1=00000001
[CFU] execute fn=16 data0=000000c9 data1=00000001
[CFU] delayed response=00000000
[RENODE] result=00000000 error=0
[RENODE] execute fn=16 data0=000000ca data1=00000001
[CFU] execute fn=16 data0=000000ca data1=00000001
[CFU] delayed response=00000000
[RENODE] result=00000000 error=0
[RENODE] execute fn=16 data0=000000cb data1=00000001
[CFU] execute fn=16 data0=000000cb data1=00000001
[CFU] delayed response=00000000
[RENODE] result=00000000 error=0
[RENODE] execute fn=16 data0=000000cc data1=00000001
[CFU] execute fn=16 data0=000000cc data1=00000001
[CFU] delayed response=00000000
[RENODE] result=00000000 error=0
[RENODE] execute fn=16 data0=000000cd data1=00000001
[CFU] execute fn=16 data0=000000cd data1=00000001
[CFU] delayed response=00000000
[RENODE] result=00000000 error=0
[RENODE] execute fn=16 data0=000000ce data1=00000001
[CFU] execute fn=16 data0=000000ce data1=00000001
[CFU] delayed response=00000000
[RENODE] result=00000000 error=0
[RENODE] execute fn=16 data0=000000cf data1=00000001
[CFU] execute fn=16 data0=000000cf data1=00000001
[CFU] delayed response=00000000
[RENODE] result=00000000 error=0
[RENODE] execute fn=16 data0=000000d0 data1=00000001
[CFU] execute fn=16 data0=000000d0 data1=00000001
[CFU] delayed response=00000000
[RENODE] result=00000000 error=0
[RENODE] execute fn=16 data0=000000d1 data1=00000001
[CFU] execute fn=16 data0=000000d1 data1=00000001
[CFU] delayed response=00000000
[RENODE] result=00000000 error=0
[RENODE] execute fn=16 data0=000000d2 data1=00000001
[CFU] execute fn=16 data0=000000d2 data1=00000001
[CFU] delayed response=00000000
[RENODE] result=00000000 error=0
[RENODE] execute fn=16 data0=000000d3 data1=00000001
[CFU] execute fn=16 data0=000000d3 data1=00000001
[CFU] delayed response=00000000
[RENODE] result=00000000 error=0
[RENODE] execute fn=16 data0=000000d4 data1=00000001
[CFU] execute fn=16 data0=000000d4 data1=00000001
[CFU] delayed response=00000000
[RENODE] result=00000000 error=0
[RENODE] execute fn=16 data0=000000d5 data1=00000001
[CFU] execute fn=16 data0=000000d5 data1=00000001
[CFU] delayed response=00000000
[RENODE] result=00000000 error=0
[RENODE] execute fn=16 data0=000000d6 data1=00000001
[CFU] execute fn=16 data0=000000d6 data1=00000001
[CFU] delayed response=00000000
[RENODE] result=00000000 error=0
[RENODE] execute fn=16 data0=000000d7 data1=00000001
[CFU] execute fn=16 data0=000000d7 data1=00000001
[CFU] delayed response=00000000
[RENODE] result=00000000 error=0
21:05:56.9704 [INFO] uart: [host:   0.13s (+31.49ms)|virt: 1.3ms (+0.4ms)] Loading depthwise weights...
[RENODE] execute fn=24 data0=00000000 data1=00000001
[CFU] execute fn=24 data0=00000000 data1=00000001
[CFU] delayed response=00000000
[RENODE] result=00000000 error=0
[RENODE] execute fn=24 data0=00000001 data1=00000001
[CFU] execute fn=24 data0=00000001 data1=00000001
[CFU] delayed response=00000000
[RENODE] result=00000000 error=0
[RENODE] execute fn=24 data0=00000002 data1=00000001
[CFU] execute fn=24 data0=00000002 data1=00000001
[CFU] delayed response=00000000
[RENODE] result=00000000 error=0
[RENODE] execute fn=24 data0=00000003 data1=00000001
[CFU] execute fn=24 data0=00000003 data1=00000001
[CFU] delayed response=00000000
[RENODE] result=00000000 error=0
[RENODE] execute fn=24 data0=00000004 data1=00000001
[CFU] execute fn=24 data0=00000004 data1=00000001
[CFU] delayed response=00000000
[RENODE] result=00000000 error=0
[RENODE] execute fn=24 data0=00000005 data1=00000001
[CFU] execute fn=24 data0=00000005 data1=00000001
[CFU] delayed response=00000000
[RENODE] result=00000000 error=0
[RENODE] execute fn=24 data0=00000006 data1=00000001
[CFU] execute fn=24 data0=00000006 data1=00000001
[CFU] delayed response=00000000
[RENODE] result=00000000 error=0
[RENODE] execute fn=24 data0=00000007 data1=00000001
[CFU] execute fn=24 data0=00000007 data1=00000001
[CFU] delayed response=00000000
[RENODE] result=00000000 error=0
[RENODE] execute fn=24 data0=00000008 data1=00000001
[CFU] execute fn=24 data0=00000008 data1=00000001
[CFU] delayed response=00000000
[RENODE] result=00000000 error=0
[RENODE] execute fn=24 data0=00000009 data1=00000001
[CFU] execute fn=24 data0=00000009 data1=00000001
[CFU] delayed response=00000000
[RENODE] result=00000000 error=0
[RENODE] execute fn=24 data0=0000000a data1=00000001
[CFU] execute fn=24 data0=0000000a data1=00000001
[CFU] delayed response=00000000
[RENODE] result=00000000 error=0
[RENODE] execute fn=24 data0=0000000b data1=00000001
[CFU] execute fn=24 data0=0000000b data1=00000001
[CFU] delayed response=00000000
[RENODE] result=00000000 error=0
[RENODE] execute fn=24 data0=0000000c data1=00000001
[CFU] execute fn=24 data0=0000000c data1=00000001
[CFU] delayed response=00000000
[RENODE] result=00000000 error=0
[RENODE] execute fn=24 data0=0000000d data1=00000001
[CFU] execute fn=24 data0=0000000d data1=00000001
[CFU] delayed response=00000000
[RENODE] result=00000000 error=0
[RENODE] execute fn=24 data0=0000000e data1=00000001
[CFU] execute fn=24 data0=0000000e data1=00000001
[CFU] delayed response=00000000
[RENODE] result=00000000 error=0
[RENODE] execute fn=24 data0=0000000f data1=00000001
[CFU] execute fn=24 data0=0000000f data1=00000001
[CFU] delayed response=00000000
[RENODE] result=00000000 error=0
[RENODE] execute fn=24 data0=00000010 data1=00000001
[CFU] execute fn=24 data0=00000010 data1=00000001
[CFU] delayed response=00000000
[RENODE] result=00000000 error=0
[RENODE] execute fn=24 data0=00000011 data1=00000001
[CFU] execute fn=24 data0=00000011 data1=00000001
[CFU] delayed response=00000000
[RENODE] result=00000000 error=0
[RENODE] execute fn=24 data0=00000012 data1=00000001
[CFU] execute fn=24 data0=00000012 data1=00000001
[CFU] delayed response=00000000
[RENODE] result=00000000 error=0
[RENODE] execute fn=24 data0=00000013 data1=00000001
[CFU] execute fn=24 data0=00000013 data1=00000001
[CFU] delayed response=00000000
[RENODE] result=00000000 error=0
[RENODE] execute fn=24 data0=00000014 data1=00000001
[CFU] execute fn=24 data0=00000014 data1=00000001
[CFU] delayed response=00000000
[RENODE] result=00000000 error=0
[RENODE] execute fn=24 data0=00000015 data1=00000001
[CFU] execute fn=24 data0=00000015 data1=00000001
[CFU] delayed response=00000000
[RENODE] result=00000000 error=0
[RENODE] execute fn=24 data0=00000016 data1=00000001
[CFU] execute fn=24 data0=00000016 data1=00000001
[CFU] delayed response=00000000
[RENODE] result=00000000 error=0
[RENODE] execute fn=24 data0=00000017 data1=00000001
[CFU] execute fn=24 data0=00000017 data1=00000001
[CFU] delayed response=00000000
[RENODE] result=00000000 error=0
[RENODE] execute fn=24 data0=00000018 data1=00000001
[CFU] execute fn=24 data0=00000018 data1=00000001
[CFU] delayed response=00000000
[RENODE] result=00000000 error=0
[RENODE] execute fn=24 data0=00000019 data1=00000001
[CFU] execute fn=24 data0=00000019 data1=00000001
[CFU] delayed response=00000000
[RENODE] result=00000000 error=0
[RENODE] execute fn=24 data0=0000001a data1=00000001
[CFU] execute fn=24 data0=0000001a data1=00000001
[CFU] delayed response=00000000
[RENODE] result=00000000 error=0
[RENODE] execute fn=24 data0=0000001b data1=00000001
[CFU] execute fn=24 data0=0000001b data1=00000001
[CFU] delayed response=00000000
[RENODE] result=00000000 error=0
[RENODE] execute fn=24 data0=0000001c data1=00000001
[CFU] execute fn=24 data0=0000001c data1=00000001
[CFU] delayed response=00000000
[RENODE] result=00000000 error=0
[RENODE] execute fn=24 data0=0000001d data1=00000001
[CFU] execute fn=24 data0=0000001d data1=00000001
[CFU] delayed response=00000000
[RENODE] result=00000000 error=0
[RENODE] execute fn=24 data0=0000001e data1=00000001
[CFU] execute fn=24 data0=0000001e data1=00000001
[CFU] delayed response=00000000
[RENODE] result=00000000 error=0
[RENODE] execute fn=24 data0=0000001f data1=00000001
[CFU] execute fn=24 data0=0000001f data1=00000001
[CFU] delayed response=00000000
[RENODE] result=00000000 error=0
[RENODE] execute fn=24 data0=00000020 data1=00000001
[CFU] execute fn=24 data0=00000020 data1=00000001
[CFU] delayed response=00000000
[RENODE] result=00000000 error=0
[RENODE] execute fn=24 data0=00000021 data1=00000001
[CFU] execute fn=24 data0=00000021 data1=00000001
[CFU] delayed response=00000000
[RENODE] result=00000000 error=0
[RENODE] execute fn=24 data0=00000022 data1=00000001
[CFU] execute fn=24 data0=00000022 data1=00000001
[CFU] delayed response=00000000
[RENODE] result=00000000 error=0
[RENODE] execute fn=24 data0=00000023 data1=00000001
[CFU] execute fn=24 data0=00000023 data1=00000001
[CFU] delayed response=00000000
[RENODE] result=00000000 error=0
[RENODE] execute fn=24 data0=00000024 data1=00000001
[CFU] execute fn=24 data0=00000024 data1=00000001
[CFU] delayed response=00000000
[RENODE] result=00000000 error=0
[RENODE] execute fn=24 data0=00000025 data1=00000001
[CFU] execute fn=24 data0=00000025 data1=00000001
[CFU] delayed response=00000000
[RENODE] result=00000000 error=0
[RENODE] execute fn=24 data0=00000026 data1=00000001
[CFU] execute fn=24 data0=00000026 data1=00000001
[CFU] delayed response=00000000
[RENODE] result=00000000 error=0
[RENODE] execute fn=24 data0=00000027 data1=00000001
[CFU] execute fn=24 data0=00000027 data1=00000001
[CFU] delayed response=00000000
[RENODE] result=00000000 error=0
[RENODE] execute fn=24 data0=00000028 data1=00000001
[CFU] execute fn=24 data0=00000028 data1=00000001
[CFU] delayed response=00000000
[RENODE] result=00000000 error=0
[RENODE] execute fn=24 data0=00000029 data1=00000001
[CFU] execute fn=24 data0=00000029 data1=00000001
[CFU] delayed response=00000000
[RENODE] result=00000000 error=0
[RENODE] execute fn=24 data0=0000002a data1=00000001
[CFU] execute fn=24 data0=0000002a data1=00000001
[CFU] delayed response=00000000
[RENODE] result=00000000 error=0
[RENODE] execute fn=24 data0=0000002b data1=00000001
[CFU] execute fn=24 data0=0000002b data1=00000001
[CFU] delayed response=00000000
[RENODE] result=00000000 error=0
[RENODE] execute fn=24 data0=0000002c data1=00000001
[CFU] execute fn=24 data0=0000002c data1=00000001
[CFU] delayed response=00000000
[RENODE] result=00000000 error=0
[RENODE] execute fn=24 data0=0000002d data1=00000001
[CFU] execute fn=24 data0=0000002d data1=00000001
[CFU] delayed response=00000000
[RENODE] result=00000000 error=0
[RENODE] execute fn=24 data0=0000002e data1=00000001
[CFU] execute fn=24 data0=0000002e data1=00000001
[CFU] delayed response=00000000
[RENODE] result=00000000 error=0
[RENODE] execute fn=24 data0=0000002f data1=00000001
[CFU] execute fn=24 data0=0000002f data1=00000001
[CFU] delayed response=00000000
[RENODE] result=00000000 error=0
[RENODE] execute fn=24 data0=00000030 data1=00000001
[CFU] execute fn=24 data0=00000030 data1=00000001
[CFU] delayed response=00000000
[RENODE] result=00000000 error=0
[RENODE] execute fn=24 data0=00000031 data1=00000001
[CFU] execute fn=24 data0=00000031 data1=00000001
[CFU] delayed response=00000000
[RENODE] result=00000000 error=0
[RENODE] execute fn=24 data0=00000032 data1=00000001
[CFU] execute fn=24 data0=00000032 data1=00000001
[CFU] delayed response=00000000
[RENODE] result=00000000 error=0
[RENODE] execute fn=24 data0=00000033 data1=00000001
[CFU] execute fn=24 data0=00000033 data1=00000001
[CFU] delayed response=00000000
[RENODE] result=00000000 error=0
[RENODE] execute fn=24 data0=00000034 data1=00000001
[CFU] execute fn=24 data0=00000034 data1=00000001
[CFU] delayed response=00000000
[RENODE] result=00000000 error=0
[RENODE] execute fn=24 data0=00000035 data1=00000001
[CFU] execute fn=24 data0=00000035 data1=00000001
[CFU] delayed response=00000000
[RENODE] result=00000000 error=0
[RENODE] execute fn=24 data0=00000036 data1=00000001
[CFU] execute fn=24 data0=00000036 data1=00000001
[CFU] delayed response=00000000
[RENODE] result=00000000 error=0
[RENODE] execute fn=24 data0=00000037 data1=00000001
[CFU] execute fn=24 data0=00000037 data1=00000001
[CFU] delayed response=00000000
[RENODE] result=00000000 error=0
[RENODE] execute fn=24 data0=00000038 data1=00000001
[CFU] execute fn=24 data0=00000038 data1=00000001
[CFU] delayed response=00000000
[RENODE] result=00000000 error=0
[RENODE] execute fn=24 data0=00000039 data1=00000001
[CFU] execute fn=24 data0=00000039 data1=00000001
[CFU] delayed response=00000000
[RENODE] result=00000000 error=0
[RENODE] execute fn=24 data0=0000003a data1=00000001
[CFU] execute fn=24 data0=0000003a data1=00000001
[CFU] delayed response=00000000
[RENODE] result=00000000 error=0
[RENODE] execute fn=24 data0=0000003b data1=00000001
[CFU] execute fn=24 data0=0000003b data1=00000001
[CFU] delayed response=00000000
[RENODE] result=00000000 error=0
[RENODE] execute fn=24 data0=0000003c data1=00000001
[CFU] execute fn=24 data0=0000003c data1=00000001
[CFU] delayed response=00000000
[RENODE] result=00000000 error=0
[RENODE] execute fn=24 data0=0000003d data1=00000001
[CFU] execute fn=24 data0=0000003d data1=00000001
[CFU] delayed response=00000000
[RENODE] result=00000000 error=0
[RENODE] execute fn=24 data0=0000003e data1=00000001
[CFU] execute fn=24 data0=0000003e data1=00000001
[CFU] delayed response=00000000
[RENODE] result=00000000 error=0
[RENODE] execute fn=24 data0=0000003f data1=00000001
[CFU] execute fn=24 data0=0000003f data1=00000001
[CFU] delayed response=00000000
[RENODE] result=00000000 error=0
[RENODE] execute fn=24 data0=00000040 data1=00000001
[CFU] execute fn=24 data0=00000040 data1=00000001
[CFU] delayed response=00000000
[RENODE] result=00000000 error=0
[RENODE] execute fn=24 data0=00000041 data1=00000001
[CFU] execute fn=24 data0=00000041 data1=00000001
[CFU] delayed response=00000000
[RENODE] result=00000000 error=0
[RENODE] execute fn=24 data0=00000042 data1=00000001
[CFU] execute fn=24 data0=00000042 data1=00000001
[CFU] delayed response=00000000
[RENODE] result=00000000 error=0
[RENODE] execute fn=24 data0=00000043 data1=00000001
[CFU] execute fn=24 data0=00000043 data1=00000001
[CFU] delayed response=00000000
[RENODE] result=00000000 error=0
[RENODE] execute fn=24 data0=00000044 data1=00000001
[CFU] execute fn=24 data0=00000044 data1=00000001
[CFU] delayed response=00000000
[RENODE] result=00000000 error=0
[RENODE] execute fn=24 data0=00000045 data1=00000001
[CFU] execute fn=24 data0=00000045 data1=00000001
[CFU] delayed response=00000000
[RENODE] result=00000000 error=0
[RENODE] execute fn=24 data0=00000046 data1=00000001
[CFU] execute fn=24 data0=00000046 data1=00000001
[CFU] delayed response=00000000
[RENODE] result=00000000 error=0
[RENODE] execute fn=24 data0=00000047 data1=00000001
[CFU] execute fn=24 data0=00000047 data1=00000001
[CFU] delayed response=00000000
[RENODE] result=00000000 error=0
[RENODE] execute fn=24 data0=00000048 data1=00000001
[CFU] execute fn=24 data0=00000048 data1=00000001
[CFU] delayed response=00000000
[RENODE] result=00000000 error=0
[RENODE] execute fn=24 data0=00000049 data1=00000001
[CFU] execute fn=24 data0=00000049 data1=00000001
[CFU] delayed response=00000000
[RENODE] result=00000000 error=0
[RENODE] execute fn=24 data0=0000004a data1=00000001
[CFU] execute fn=24 data0=0000004a data1=00000001
[CFU] delayed response=00000000
[RENODE] result=00000000 error=0
[RENODE] execute fn=24 data0=0000004b data1=00000001
[CFU] execute fn=24 data0=0000004b data1=00000001
[CFU] delayed response=00000000
[RENODE] result=00000000 error=0
[RENODE] execute fn=24 data0=0000004c data1=00000001
[CFU] execute fn=24 data0=0000004c data1=00000001
[CFU] delayed response=00000000
[RENODE] result=00000000 error=0
[RENODE] execute fn=24 data0=0000004d data1=00000001
[CFU] execute fn=24 data0=0000004d data1=00000001
[CFU] delayed response=00000000
[RENODE] result=00000000 error=0
[RENODE] execute fn=24 data0=0000004e data1=00000001
[CFU] execute fn=24 data0=0000004e data1=00000001
[CFU] delayed response=00000000
[RENODE] result=00000000 error=0
[RENODE] execute fn=24 data0=0000004f data1=00000001
[CFU] execute fn=24 data0=0000004f data1=00000001
[CFU] delayed response=00000000
[RENODE] result=00000000 error=0
[RENODE] execute fn=24 data0=00000050 data1=00000001
[CFU] execute fn=24 data0=00000050 data1=00000001
[CFU] delayed response=00000000
[RENODE] result=00000000 error=0
[RENODE] execute fn=24 data0=00000051 data1=00000001
[CFU] execute fn=24 data0=00000051 data1=00000001
[CFU] delayed response=00000000
[RENODE] result=00000000 error=0
[RENODE] execute fn=24 data0=00000052 data1=00000001
[CFU] execute fn=24 data0=00000052 data1=00000001
[CFU] delayed response=00000000
[RENODE] result=00000000 error=0
[RENODE] execute fn=24 data0=00000053 data1=00000001
[CFU] execute fn=24 data0=00000053 data1=00000001
[CFU] delayed response=00000000
[RENODE] result=00000000 error=0
[RENODE] execute fn=24 data0=00000054 data1=00000001
[CFU] execute fn=24 data0=00000054 data1=00000001
[CFU] delayed response=00000000
[RENODE] result=00000000 error=0
[RENODE] execute fn=24 data0=00000055 data1=00000001
[CFU] execute fn=24 data0=00000055 data1=00000001
[CFU] delayed response=00000000
[RENODE] result=00000000 error=0
[RENODE] execute fn=24 data0=00000056 data1=00000001
[CFU] execute fn=24 data0=00000056 data1=00000001
[CFU] delayed response=00000000
[RENODE] result=00000000 error=0
[RENODE] execute fn=24 data0=00000057 data1=00000001
[CFU] execute fn=24 data0=00000057 data1=00000001
[CFU] delayed response=00000000
[RENODE] result=00000000 error=0
[RENODE] execute fn=24 data0=00000058 data1=00000001
[CFU] execute fn=24 data0=00000058 data1=00000001
[CFU] delayed response=00000000
[RENODE] result=00000000 error=0
[RENODE] execute fn=24 data0=00000059 data1=00000001
[CFU] execute fn=24 data0=00000059 data1=00000001
[CFU] delayed response=00000000
[RENODE] result=00000000 error=0
[RENODE] execute fn=24 data0=0000005a data1=00000001
[CFU] execute fn=24 data0=0000005a data1=00000001
[CFU] delayed response=00000000
[RENODE] result=00000000 error=0
[RENODE] execute fn=24 data0=0000005b data1=00000001
[CFU] execute fn=24 data0=0000005b data1=00000001
[CFU] delayed response=00000000
[RENODE] result=00000000 error=0
[RENODE] execute fn=24 data0=0000005c data1=00000001
[CFU] execute fn=24 data0=0000005c data1=00000001
[CFU] delayed response=00000000
[RENODE] result=00000000 error=0
[RENODE] execute fn=24 data0=0000005d data1=00000001
[CFU] execute fn=24 data0=0000005d data1=00000001
[CFU] delayed response=00000000
[RENODE] result=00000000 error=0
[RENODE] execute fn=24 data0=0000005e data1=00000001
[CFU] execute fn=24 data0=0000005e data1=00000001
[CFU] delayed response=00000000
[RENODE] result=00000000 error=0
[RENODE] execute fn=24 data0=0000005f data1=00000001
[CFU] execute fn=24 data0=0000005f data1=00000001
[CFU] delayed response=00000000
[RENODE] result=00000000 error=0
[RENODE] execute fn=24 data0=00000060 data1=00000001
[CFU] execute fn=24 data0=00000060 data1=00000001
[CFU] delayed response=00000000
[RENODE] result=00000000 error=0
[RENODE] execute fn=24 data0=00000061 data1=00000001
[CFU] execute fn=24 data0=00000061 data1=00000001
[CFU] delayed response=00000000
[RENODE] result=00000000 error=0
[RENODE] execute fn=24 data0=00000062 data1=00000001
[CFU] execute fn=24 data0=00000062 data1=00000001
[CFU] delayed response=00000000
[RENODE] result=00000000 error=0
[RENODE] execute fn=24 data0=00000063 data1=00000001
[CFU] execute fn=24 data0=00000063 data1=00000001
[CFU] delayed response=00000000
[RENODE] result=00000000 error=0
[RENODE] execute fn=24 data0=00000064 data1=00000001
[CFU] execute fn=24 data0=00000064 data1=00000001
[CFU] delayed response=00000000
[RENODE] result=00000000 error=0
[RENODE] execute fn=24 data0=00000065 data1=00000001
[CFU] execute fn=24 data0=00000065 data1=00000001
[CFU] delayed response=00000000
[RENODE] result=00000000 error=0
[RENODE] execute fn=24 data0=00000066 data1=00000001
[CFU] execute fn=24 data0=00000066 data1=00000001
[CFU] delayed response=00000000
[RENODE] result=00000000 error=0
[RENODE] execute fn=24 data0=00000067 data1=00000001
[CFU] execute fn=24 data0=00000067 data1=00000001
[CFU] delayed response=00000000
[RENODE] result=00000000 error=0
[RENODE] execute fn=24 data0=00000068 data1=00000001
[CFU] execute fn=24 data0=00000068 data1=00000001
[CFU] delayed response=00000000
[RENODE] result=00000000 error=0
[RENODE] execute fn=24 data0=00000069 data1=00000001
[CFU] execute fn=24 data0=00000069 data1=00000001
[CFU] delayed response=00000000
[RENODE] result=00000000 error=0
[RENODE] execute fn=24 data0=0000006a data1=00000001
[CFU] execute fn=24 data0=0000006a data1=00000001
[CFU] delayed response=00000000
[RENODE] result=00000000 error=0
[RENODE] execute fn=24 data0=0000006b data1=00000001
[CFU] execute fn=24 data0=0000006b data1=00000001
[CFU] delayed response=00000000
[RENODE] result=00000000 error=0
[RENODE] execute fn=24 data0=0000006c data1=00000001
[CFU] execute fn=24 data0=0000006c data1=00000001
[CFU] delayed response=00000000
[RENODE] result=00000000 error=0
[RENODE] execute fn=24 data0=0000006d data1=00000001
[CFU] execute fn=24 data0=0000006d data1=00000001
[CFU] delayed response=00000000
[RENODE] result=00000000 error=0
[RENODE] execute fn=24 data0=0000006e data1=00000001
[CFU] execute fn=24 data0=0000006e data1=00000001
[CFU] delayed response=00000000
[RENODE] result=00000000 error=0
[RENODE] execute fn=24 data0=0000006f data1=00000001
[CFU] execute fn=24 data0=0000006f data1=00000001
[CFU] delayed response=00000000
[RENODE] result=00000000 error=0
[RENODE] execute fn=24 data0=00000070 data1=00000001
[CFU] execute fn=24 data0=00000070 data1=00000001
[CFU] delayed response=00000000
[RENODE] result=00000000 error=0
[RENODE] execute fn=24 data0=00000071 data1=00000001
[CFU] execute fn=24 data0=00000071 data1=00000001
[CFU] delayed response=00000000
[RENODE] result=00000000 error=0
[RENODE] execute fn=24 data0=00000072 data1=00000001
[CFU] execute fn=24 data0=00000072 data1=00000001
[CFU] delayed response=00000000
[RENODE] result=00000000 error=0
[RENODE] execute fn=24 data0=00000073 data1=00000001
[CFU] execute fn=24 data0=00000073 data1=00000001
[CFU] delayed response=00000000
[RENODE] result=00000000 error=0
[RENODE] execute fn=24 data0=00000074 data1=00000001
[CFU] execute fn=24 data0=00000074 data1=00000001
[CFU] delayed response=00000000
[RENODE] result=00000000 error=0
[RENODE] execute fn=24 data0=00000075 data1=00000001
[CFU] execute fn=24 data0=00000075 data1=00000001
[CFU] delayed response=00000000
[RENODE] result=00000000 error=0
[RENODE] execute fn=24 data0=00000076 data1=00000001
[CFU] execute fn=24 data0=00000076 data1=00000001
[CFU] delayed response=00000000
[RENODE] result=00000000 error=0
[RENODE] execute fn=24 data0=00000077 data1=00000001
[CFU] execute fn=24 data0=00000077 data1=00000001
[CFU] delayed response=00000000
[RENODE] result=00000000 error=0
[RENODE] execute fn=24 data0=00000078 data1=00000001
[CFU] execute fn=24 data0=00000078 data1=00000001
[CFU] delayed response=00000000
[RENODE] result=00000000 error=0
[RENODE] execute fn=24 data0=00000079 data1=00000001
[CFU] execute fn=24 data0=00000079 data1=00000001
[CFU] delayed response=00000000
[RENODE] result=00000000 error=0
[RENODE] execute fn=24 data0=0000007a data1=00000001
[CFU] execute fn=24 data0=0000007a data1=00000001
[CFU] delayed response=00000000
[RENODE] result=00000000 error=0
[RENODE] execute fn=24 data0=0000007b data1=00000001
[CFU] execute fn=24 data0=0000007b data1=00000001
[CFU] delayed response=00000000
[RENODE] result=00000000 error=0
[RENODE] execute fn=24 data0=0000007c data1=00000001
[CFU] execute fn=24 data0=0000007c data1=00000001
[CFU] delayed response=00000000
[RENODE] result=00000000 error=0
[RENODE] execute fn=24 data0=0000007d data1=00000001
[CFU] execute fn=24 data0=0000007d data1=00000001
[CFU] delayed response=00000000
[RENODE] result=00000000 error=0
[RENODE] execute fn=24 data0=0000007e data1=00000001
[CFU] execute fn=24 data0=0000007e data1=00000001
[CFU] delayed response=00000000
[RENODE] result=00000000 error=0
[RENODE] execute fn=24 data0=0000007f data1=00000001
[CFU] execute fn=24 data0=0000007f data1=00000001
[CFU] delayed response=00000000
[RENODE] result=00000000 error=0
[RENODE] execute fn=24 data0=00000080 data1=00000001
[CFU] execute fn=24 data0=00000080 data1=00000001
[CFU] delayed response=00000000
[RENODE] result=00000000 error=0
[RENODE] execute fn=24 data0=00000081 data1=00000001
[CFU] execute fn=24 data0=00000081 data1=00000001
[CFU] delayed response=00000000
[RENODE] result=00000000 error=0
[RENODE] execute fn=24 data0=00000082 data1=00000001
[CFU] execute fn=24 data0=00000082 data1=00000001
[CFU] delayed response=00000000
[RENODE] result=00000000 error=0
[RENODE] execute fn=24 data0=00000083 data1=00000001
[CFU] execute fn=24 data0=00000083 data1=00000001
[CFU] delayed response=00000000
[RENODE] result=00000000 error=0
[RENODE] execute fn=24 data0=00000084 data1=00000001
[CFU] execute fn=24 data0=00000084 data1=00000001
[CFU] delayed response=00000000
[RENODE] result=00000000 error=0
[RENODE] execute fn=24 data0=00000085 data1=00000001
[CFU] execute fn=24 data0=00000085 data1=00000001
[CFU] delayed response=00000000
[RENODE] result=00000000 error=0
[RENODE] execute fn=24 data0=00000086 data1=00000001
[CFU] execute fn=24 data0=00000086 data1=00000001
[CFU] delayed response=00000000
[RENODE] result=00000000 error=0
[RENODE] execute fn=24 data0=00000087 data1=00000001
[CFU] execute fn=24 data0=00000087 data1=00000001
[CFU] delayed response=00000000
[RENODE] result=00000000 error=0
[RENODE] execute fn=24 data0=00000088 data1=00000001
[CFU] execute fn=24 data0=00000088 data1=00000001
[CFU] delayed response=00000000
[RENODE] result=00000000 error=0
[RENODE] execute fn=24 data0=00000089 data1=00000001
[CFU] execute fn=24 data0=00000089 data1=00000001
[CFU] delayed response=00000000
[RENODE] result=00000000 error=0
[RENODE] execute fn=24 data0=0000008a data1=00000001
[CFU] execute fn=24 data0=0000008a data1=00000001
[CFU] delayed response=00000000
[RENODE] result=00000000 error=0
[RENODE] execute fn=24 data0=0000008b data1=00000001
[CFU] execute fn=24 data0=0000008b data1=00000001
[CFU] delayed response=00000000
[RENODE] result=00000000 error=0
[RENODE] execute fn=24 data0=0000008c data1=00000001
[CFU] execute fn=24 data0=0000008c data1=00000001
[CFU] delayed response=00000000
[RENODE] result=00000000 error=0
[RENODE] execute fn=24 data0=0000008d data1=00000001
[CFU] execute fn=24 data0=0000008d data1=00000001
[CFU] delayed response=00000000
[RENODE] result=00000000 error=0
[RENODE] execute fn=24 data0=0000008e data1=00000001
[CFU] execute fn=24 data0=0000008e data1=00000001
[CFU] delayed response=00000000
[RENODE] result=00000000 error=0
[RENODE] execute fn=24 data0=0000008f data1=00000001
[CFU] execute fn=24 data0=0000008f data1=00000001
[CFU] delayed response=00000000
[RENODE] result=00000000 error=0
[RENODE] execute fn=24 data0=00000090 data1=00000001
[CFU] execute fn=24 data0=00000090 data1=00000001
[CFU] delayed response=00000000
[RENODE] result=00000000 error=0
[RENODE] execute fn=24 data0=00000091 data1=00000001
[CFU] execute fn=24 data0=00000091 data1=00000001
[CFU] delayed response=00000000
[RENODE] result=00000000 error=0
[RENODE] execute fn=24 data0=00000092 data1=00000001
[CFU] execute fn=24 data0=00000092 data1=00000001
[CFU] delayed response=00000000
[RENODE] result=00000000 error=0
[RENODE] execute fn=24 data0=00000093 data1=00000001
[CFU] execute fn=24 data0=00000093 data1=00000001
[CFU] delayed response=00000000
[RENODE] result=00000000 error=0
[RENODE] execute fn=24 data0=00000094 data1=00000001
[CFU] execute fn=24 data0=00000094 data1=00000001
[CFU] delayed response=00000000
[RENODE] result=00000000 error=0
[RENODE] execute fn=24 data0=00000095 data1=00000001
[CFU] execute fn=24 data0=00000095 data1=00000001
[CFU] delayed response=00000000
[RENODE] result=00000000 error=0
[RENODE] execute fn=24 data0=00000096 data1=00000001
[CFU] execute fn=24 data0=00000096 data1=00000001
[CFU] delayed response=00000000
[RENODE] result=00000000 error=0
[RENODE] execute fn=24 data0=00000097 data1=00000001
[CFU] execute fn=24 data0=00000097 data1=00000001
[CFU] delayed response=00000000
[RENODE] result=00000000 error=0
[RENODE] execute fn=24 data0=00000098 data1=00000001
[CFU] execute fn=24 data0=00000098 data1=00000001
[CFU] delayed response=00000000
[RENODE] result=00000000 error=0
[RENODE] execute fn=24 data0=00000099 data1=00000001
[CFU] execute fn=24 data0=00000099 data1=00000001
[CFU] delayed response=00000000
[RENODE] result=00000000 error=0
[RENODE] execute fn=24 data0=0000009a data1=00000001
[CFU] execute fn=24 data0=0000009a data1=00000001
[CFU] delayed response=00000000
[RENODE] result=00000000 error=0
[RENODE] execute fn=24 data0=0000009b data1=00000001
[CFU] execute fn=24 data0=0000009b data1=00000001
[CFU] delayed response=00000000
[RENODE] result=00000000 error=0
[RENODE] execute fn=24 data0=0000009c data1=00000001
[CFU] execute fn=24 data0=0000009c data1=00000001
[CFU] delayed response=00000000
[RENODE] result=00000000 error=0
[RENODE] execute fn=24 data0=0000009d data1=00000001
[CFU] execute fn=24 data0=0000009d data1=00000001
[CFU] delayed response=00000000
[RENODE] result=00000000 error=0
[RENODE] execute fn=24 data0=0000009e data1=00000001
[CFU] execute fn=24 data0=0000009e data1=00000001
[CFU] delayed response=00000000
[RENODE] result=00000000 error=0
[RENODE] execute fn=24 data0=0000009f data1=00000001
[CFU] execute fn=24 data0=0000009f data1=00000001
[CFU] delayed response=00000000
[RENODE] result=00000000 error=0
[RENODE] execute fn=24 data0=000000a0 data1=00000001
[CFU] execute fn=24 data0=000000a0 data1=00000001
[CFU] delayed response=00000000
[RENODE] result=00000000 error=0
[RENODE] execute fn=24 data0=000000a1 data1=00000001
[CFU] execute fn=24 data0=000000a1 data1=00000001
[CFU] delayed response=00000000
[RENODE] result=00000000 error=0
[RENODE] execute fn=24 data0=000000a2 data1=00000001
[CFU] execute fn=24 data0=000000a2 data1=00000001
[CFU] delayed response=00000000
[RENODE] result=00000000 error=0
[RENODE] execute fn=24 data0=000000a3 data1=00000001
[CFU] execute fn=24 data0=000000a3 data1=00000001
[CFU] delayed response=00000000
[RENODE] result=00000000 error=0
[RENODE] execute fn=24 data0=000000a4 data1=00000001
[CFU] execute fn=24 data0=000000a4 data1=00000001
[CFU] delayed response=00000000
[RENODE] result=00000000 error=0
[RENODE] execute fn=24 data0=000000a5 data1=00000001
[CFU] execute fn=24 data0=000000a5 data1=00000001
[CFU] delayed response=00000000
[RENODE] result=00000000 error=0
[RENODE] execute fn=24 data0=000000a6 data1=00000001
[CFU] execute fn=24 data0=000000a6 data1=00000001
[CFU] delayed response=00000000
[RENODE] result=00000000 error=0
[RENODE] execute fn=24 data0=000000a7 data1=00000001
[CFU] execute fn=24 data0=000000a7 data1=00000001
[CFU] delayed response=00000000
[RENODE] result=00000000 error=0
[RENODE] execute fn=24 data0=000000a8 data1=00000001
[CFU] execute fn=24 data0=000000a8 data1=00000001
[CFU] delayed response=00000000
[RENODE] result=00000000 error=0
[RENODE] execute fn=24 data0=000000a9 data1=00000001
[CFU] execute fn=24 data0=000000a9 data1=00000001
[CFU] delayed response=00000000
[RENODE] result=00000000 error=0
[RENODE] execute fn=24 data0=000000aa data1=00000001
[CFU] execute fn=24 data0=000000aa data1=00000001
[CFU] delayed response=00000000
[RENODE] result=00000000 error=0
[RENODE] execute fn=24 data0=000000ab data1=00000001
[CFU] execute fn=24 data0=000000ab data1=00000001
[CFU] delayed response=00000000
[RENODE] result=00000000 error=0
[RENODE] execute fn=24 data0=000000ac data1=00000001
[CFU] execute fn=24 data0=000000ac data1=00000001
[CFU] delayed response=00000000
[RENODE] result=00000000 error=0
[RENODE] execute fn=24 data0=000000ad data1=00000001
[CFU] execute fn=24 data0=000000ad data1=00000001
[CFU] delayed response=00000000
[RENODE] result=00000000 error=0
[RENODE] execute fn=24 data0=000000ae data1=00000001
[CFU] execute fn=24 data0=000000ae data1=00000001
[CFU] delayed response=00000000
[RENODE] result=00000000 error=0
[RENODE] execute fn=24 data0=000000af data1=00000001
[CFU] execute fn=24 data0=000000af data1=00000001
[CFU] delayed response=00000000
[RENODE] result=00000000 error=0
[RENODE] execute fn=24 data0=000000b0 data1=00000001
[CFU] execute fn=24 data0=000000b0 data1=00000001
[CFU] delayed response=00000000
[RENODE] result=00000000 error=0
[RENODE] execute fn=24 data0=000000b1 data1=00000001
[CFU] execute fn=24 data0=000000b1 data1=00000001
[CFU] delayed response=00000000
[RENODE] result=00000000 error=0
[RENODE] execute fn=24 data0=000000b2 data1=00000001
[CFU] execute fn=24 data0=000000b2 data1=00000001
[CFU] delayed response=00000000
[RENODE] result=00000000 error=0
[RENODE] execute fn=24 data0=000000b3 data1=00000001
[CFU] execute fn=24 data0=000000b3 data1=00000001
[CFU] delayed response=00000000
[RENODE] result=00000000 error=0
[RENODE] execute fn=24 data0=000000b4 data1=00000001
[CFU] execute fn=24 data0=000000b4 data1=00000001
[CFU] delayed response=00000000
[RENODE] result=00000000 error=0
[RENODE] execute fn=24 data0=000000b5 data1=00000001
[CFU] execute fn=24 data0=000000b5 data1=00000001
[CFU] delayed response=00000000
[RENODE] result=00000000 error=0
[RENODE] execute fn=24 data0=000000b6 data1=00000001
[CFU] execute fn=24 data0=000000b6 data1=00000001
[CFU] delayed response=00000000
[RENODE] result=00000000 error=0
[RENODE] execute fn=24 data0=000000b7 data1=00000001
[CFU] execute fn=24 data0=000000b7 data1=00000001
[CFU] delayed response=00000000
[RENODE] result=00000000 error=0
[RENODE] execute fn=24 data0=000000b8 data1=00000001
[CFU] execute fn=24 data0=000000b8 data1=00000001
[CFU] delayed response=00000000
[RENODE] result=00000000 error=0
[RENODE] execute fn=24 data0=000000b9 data1=00000001
[CFU] execute fn=24 data0=000000b9 data1=00000001
[CFU] delayed response=00000000
[RENODE] result=00000000 error=0
[RENODE] execute fn=24 data0=000000ba data1=00000001
[CFU] execute fn=24 data0=000000ba data1=00000001
[CFU] delayed response=00000000
[RENODE] result=00000000 error=0
[RENODE] execute fn=24 data0=000000bb data1=00000001
[CFU] execute fn=24 data0=000000bb data1=00000001
[CFU] delayed response=00000000
[RENODE] result=00000000 error=0
[RENODE] execute fn=24 data0=000000bc data1=00000001
[CFU] execute fn=24 data0=000000bc data1=00000001
[CFU] delayed response=00000000
[RENODE] result=00000000 error=0
[RENODE] execute fn=24 data0=000000bd data1=00000001
[CFU] execute fn=24 data0=000000bd data1=00000001
[CFU] delayed response=00000000
[RENODE] result=00000000 error=0
[RENODE] execute fn=24 data0=000000be data1=00000001
[CFU] execute fn=24 data0=000000be data1=00000001
[CFU] delayed response=00000000
[RENODE] result=00000000 error=0
[RENODE] execute fn=24 data0=000000bf data1=00000001
[CFU] execute fn=24 data0=000000bf data1=00000001
[CFU] delayed response=00000000
[RENODE] result=00000000 error=0
[RENODE] execute fn=24 data0=000000c0 data1=00000001
[CFU] execute fn=24 data0=000000c0 data1=00000001
[CFU] delayed response=00000000
[RENODE] result=00000000 error=0
[RENODE] execute fn=24 data0=000000c1 data1=00000001
[CFU] execute fn=24 data0=000000c1 data1=00000001
[CFU] delayed response=00000000
[RENODE] result=00000000 error=0
[RENODE] execute fn=24 data0=000000c2 data1=00000001
[CFU] execute fn=24 data0=000000c2 data1=00000001
[CFU] delayed response=00000000
[RENODE] result=00000000 error=0
[RENODE] execute fn=24 data0=000000c3 data1=00000001
[CFU] execute fn=24 data0=000000c3 data1=00000001
[CFU] delayed response=00000000
[RENODE] result=00000000 error=0
[RENODE] execute fn=24 data0=000000c4 data1=00000001
[CFU] execute fn=24 data0=000000c4 data1=00000001
[CFU] delayed response=00000000
[RENODE] result=00000000 error=0
[RENODE] execute fn=24 data0=000000c5 data1=00000001
[CFU] execute fn=24 data0=000000c5 data1=00000001
[CFU] delayed response=00000000
[RENODE] result=00000000 error=0
[RENODE] execute fn=24 data0=000000c6 data1=00000001
[CFU] execute fn=24 data0=000000c6 data1=00000001
[CFU] delayed response=00000000
[RENODE] result=00000000 error=0
[RENODE] execute fn=24 data0=000000c7 data1=00000001
[CFU] execute fn=24 data0=000000c7 data1=00000001
[CFU] delayed response=00000000
[RENODE] result=00000000 error=0
[RENODE] execute fn=24 data0=000000c8 data1=00000001
[CFU] execute fn=24 data0=000000c8 data1=00000001
[CFU] delayed response=00000000
[RENODE] result=00000000 error=0
[RENODE] execute fn=24 data0=000000c9 data1=00000001
[CFU] execute fn=24 data0=000000c9 data1=00000001
[CFU] delayed response=00000000
[RENODE] result=00000000 error=0
[RENODE] execute fn=24 data0=000000ca data1=00000001
[CFU] execute fn=24 data0=000000ca data1=00000001
[CFU] delayed response=00000000
[RENODE] result=00000000 error=0
[RENODE] execute fn=24 data0=000000cb data1=00000001
[CFU] execute fn=24 data0=000000cb data1=00000001
[CFU] delayed response=00000000
[RENODE] result=00000000 error=0
[RENODE] execute fn=24 data0=000000cc data1=00000001
[CFU] execute fn=24 data0=000000cc data1=00000001
[CFU] delayed response=00000000
[RENODE] result=00000000 error=0
[RENODE] execute fn=24 data0=000000cd data1=00000001
[CFU] execute fn=24 data0=000000cd data1=00000001
[CFU] delayed response=00000000
[RENODE] result=00000000 error=0
[RENODE] execute fn=24 data0=000000ce data1=00000001
[CFU] execute fn=24 data0=000000ce data1=00000001
[CFU] delayed response=00000000
[RENODE] result=00000000 error=0
[RENODE] execute fn=24 data0=000000cf data1=00000001
[CFU] execute fn=24 data0=000000cf data1=00000001
[CFU] delayed response=00000000
[RENODE] result=00000000 error=0
[RENODE] execute fn=24 data0=000000d0 data1=00000001
[CFU] execute fn=24 data0=000000d0 data1=00000001
[CFU] delayed response=00000000
[RENODE] result=00000000 error=0
[RENODE] execute fn=24 data0=000000d1 data1=00000001
[CFU] execute fn=24 data0=000000d1 data1=00000001
[CFU] delayed response=00000000
[RENODE] result=00000000 error=0
[RENODE] execute fn=24 data0=000000d2 data1=00000001
[CFU] execute fn=24 data0=000000d2 data1=00000001
[CFU] delayed response=00000000
[RENODE] result=00000000 error=0
[RENODE] execute fn=24 data0=000000d3 data1=00000001
[CFU] execute fn=24 data0=000000d3 data1=00000001
[CFU] delayed response=00000000
[RENODE] result=00000000 error=0
[RENODE] execute fn=24 data0=000000d4 data1=00000001
[CFU] execute fn=24 data0=000000d4 data1=00000001
[CFU] delayed response=00000000
[RENODE] result=00000000 error=0
[RENODE] execute fn=24 data0=000000d5 data1=00000001
[CFU] execute fn=24 data0=000000d5 data1=00000001
[CFU] delayed response=00000000
[RENODE] result=00000000 error=0
[RENODE] execute fn=24 data0=000000d6 data1=00000001
[CFU] execute fn=24 data0=000000d6 data1=00000001
[CFU] delayed response=00000000
[RENODE] result=00000000 error=0
[RENODE] execute fn=24 data0=000000d7 data1=00000001
[CFU] execute fn=24 data0=000000d7 data1=00000001
[CFU] delayed response=00000000
[RENODE] result=00000000 error=0
[RENODE] execute fn=24 data0=000000d8 data1=00000001
[CFU] execute fn=24 data0=000000d8 data1=00000001
[CFU] delayed response=00000000
[RENODE] result=00000000 error=0
[RENODE] execute fn=24 data0=000000d9 data1=00000001
[CFU] execute fn=24 data0=000000d9 data1=00000001
[CFU] delayed response=00000000
[RENODE] result=00000000 error=0
[RENODE] execute fn=24 data0=000000da data1=00000001
[CFU] execute fn=24 data0=000000da data1=00000001
[CFU] delayed response=00000000
[RENODE] result=00000000 error=0
[RENODE] execute fn=24 data0=000000db data1=00000001
[CFU] execute fn=24 data0=000000db data1=00000001
[CFU] delayed response=00000000
[RENODE] result=00000000 error=0
[RENODE] execute fn=24 data0=000000dc data1=00000001
[CFU] execute fn=24 data0=000000dc data1=00000001
[CFU] delayed response=00000000
[RENODE] result=00000000 error=0
[RENODE] execute fn=24 data0=000000dd data1=00000001
[CFU] execute fn=24 data0=000000dd data1=00000001
[CFU] delayed response=00000000
[RENODE] result=00000000 error=0
[RENODE] execute fn=24 data0=000000de data1=00000001
[CFU] execute fn=24 data0=000000de data1=00000001
[CFU] delayed response=00000000
[RENODE] result=00000000 error=0
[RENODE] execute fn=24 data0=000000df data1=00000001
[CFU] execute fn=24 data0=000000df data1=00000001
[CFU] delayed response=00000000
[RENODE] result=00000000 error=0
[RENODE] execute fn=24 data0=000000e0 data1=00000001
[CFU] execute fn=24 data0=000000e0 data1=00000001
[CFU] delayed response=00000000
[RENODE] result=00000000 error=0
[RENODE] execute fn=24 data0=000000e1 data1=00000001
[CFU] execute fn=24 data0=000000e1 data1=00000001
[CFU] delayed response=00000000
[RENODE] result=00000000 error=0
[RENODE] execute fn=24 data0=000000e2 data1=00000001
[CFU] execute fn=24 data0=000000e2 data1=00000001
[CFU] delayed response=00000000
[RENODE] result=00000000 error=0
[RENODE] execute fn=24 data0=000000e3 data1=00000001
[CFU] execute fn=24 data0=000000e3 data1=00000001
[CFU] delayed response=00000000
[RENODE] result=00000000 error=0
[RENODE] execute fn=24 data0=000000e4 data1=00000001
[CFU] execute fn=24 data0=000000e4 data1=00000001
[CFU] delayed response=00000000
[RENODE] result=00000000 error=0
[RENODE] execute fn=24 data0=000000e5 data1=00000001
[CFU] execute fn=24 data0=000000e5 data1=00000001
[CFU] delayed response=00000000
[RENODE] result=00000000 error=0
[RENODE] execute fn=24 data0=000000e6 data1=00000001
[CFU] execute fn=24 data0=000000e6 data1=00000001
[CFU] delayed response=00000000
[RENODE] result=00000000 error=0
[RENODE] execute fn=24 data0=000000e7 data1=00000001
[CFU] execute fn=24 data0=000000e7 data1=00000001
[CFU] delayed response=00000000
[RENODE] result=00000000 error=0
[RENODE] execute fn=24 data0=000000e8 data1=00000001
[CFU] execute fn=24 data0=000000e8 data1=00000001
[CFU] delayed response=00000000
[RENODE] result=00000000 error=0
[RENODE] execute fn=24 data0=000000e9 data1=00000001
[CFU] execute fn=24 data0=000000e9 data1=00000001
[CFU] delayed response=00000000
[RENODE] result=00000000 error=0
[RENODE] execute fn=24 data0=000000ea data1=00000001
[CFU] execute fn=24 data0=000000ea data1=00000001
[CFU] delayed response=00000000
[RENODE] result=00000000 error=0
[RENODE] execute fn=24 data0=000000eb data1=00000001
[CFU] execute fn=24 data0=000000eb data1=00000001
[CFU] delayed response=00000000
[RENODE] result=00000000 error=0
[RENODE] execute fn=24 data0=000000ec data1=00000001
[CFU] execute fn=24 data0=000000ec data1=00000001
[CFU] delayed response=00000000
[RENODE] result=00000000 error=0
[RENODE] execute fn=24 data0=000000ed data1=00000001
[CFU] execute fn=24 data0=000000ed data1=00000001
[CFU] delayed response=00000000
[RENODE] result=00000000 error=0
[RENODE] execute fn=24 data0=000000ee data1=00000001
[CFU] execute fn=24 data0=000000ee data1=00000001
[CFU] delayed response=00000000
[RENODE] result=00000000 error=0
[RENODE] execute fn=24 data0=000000ef data1=00000001
[CFU] execute fn=24 data0=000000ef data1=00000001
[CFU] delayed response=00000000
[RENODE] result=00000000 error=0
[RENODE] execute fn=24 data0=000000f0 data1=00000001
[CFU] execute fn=24 data0=000000f0 data1=00000001
[CFU] delayed response=00000000
[RENODE] result=00000000 error=0
[RENODE] execute fn=24 data0=000000f1 data1=00000001
[CFU] execute fn=24 data0=000000f1 data1=00000001
[CFU] delayed response=00000000
[RENODE] result=00000000 error=0
[RENODE] execute fn=24 data0=000000f2 data1=00000001
[CFU] execute fn=24 data0=000000f2 data1=00000001
[CFU] delayed response=00000000
[RENODE] result=00000000 error=0
[RENODE] execute fn=24 data0=000000f3 data1=00000001
[CFU] execute fn=24 data0=000000f3 data1=00000001
[CFU] delayed response=00000000
[RENODE] result=00000000 error=0
[RENODE] execute fn=24 data0=000000f4 data1=00000001
[CFU] execute fn=24 data0=000000f4 data1=00000001
[CFU] delayed response=00000000
[RENODE] result=00000000 error=0
[RENODE] execute fn=24 data0=000000f5 data1=00000001
[CFU] execute fn=24 data0=000000f5 data1=00000001
[CFU] delayed response=00000000
[RENODE] result=00000000 error=0
[RENODE] execute fn=24 data0=000000f6 data1=00000001
[CFU] execute fn=24 data0=000000f6 data1=00000001
[CFU] delayed response=00000000
[RENODE] result=00000000 error=0
[RENODE] execute fn=24 data0=000000f7 data1=00000001
[CFU] execute fn=24 data0=000000f7 data1=00000001
[CFU] delayed response=00000000
[RENODE] result=00000000 error=0
[RENODE] execute fn=24 data0=000000f8 data1=00000001
[CFU] execute fn=24 data0=000000f8 data1=00000001
[CFU] delayed response=00000000
[RENODE] result=00000000 error=0
[RENODE] execute fn=24 data0=000000f9 data1=00000001
[CFU] execute fn=24 data0=000000f9 data1=00000001
[CFU] delayed response=00000000
[RENODE] result=00000000 error=0
[RENODE] execute fn=24 data0=000000fa data1=00000001
[CFU] execute fn=24 data0=000000fa data1=00000001
[CFU] delayed response=00000000
[RENODE] result=00000000 error=0
[RENODE] execute fn=24 data0=000000fb data1=00000001
[CFU] execute fn=24 data0=000000fb data1=00000001
[CFU] delayed response=00000000
[RENODE] result=00000000 error=0
[RENODE] execute fn=24 data0=000000fc data1=00000001
[CFU] execute fn=24 data0=000000fc data1=00000001
[CFU] delayed response=00000000
[RENODE] result=00000000 error=0
[RENODE] execute fn=24 data0=000000fd data1=00000001
[CFU] execute fn=24 data0=000000fd data1=00000001
[CFU] delayed response=00000000
[RENODE] result=00000000 error=0
[RENODE] execute fn=24 data0=000000fe data1=00000001
[CFU] execute fn=24 data0=000000fe data1=00000001
[CFU] delayed response=00000000
[RENODE] result=00000000 error=0
[RENODE] execute fn=24 data0=000000ff data1=00000001
[CFU] execute fn=24 data0=000000ff data1=00000001
[CFU] delayed response=00000000
[RENODE] result=00000000 error=0
[RENODE] execute fn=24 data0=00000100 data1=00000001
[CFU] execute fn=24 data0=00000100 data1=00000001
[CFU] delayed response=00000000
[RENODE] result=00000000 error=0
[RENODE] execute fn=24 data0=00000101 data1=00000001
[CFU] execute fn=24 data0=00000101 data1=00000001
[CFU] delayed response=00000000
[RENODE] result=00000000 error=0
[RENODE] execute fn=24 data0=00000102 data1=00000001
[CFU] execute fn=24 data0=00000102 data1=00000001
[CFU] delayed response=00000000
[RENODE] result=00000000 error=0
[RENODE] execute fn=24 data0=00000103 data1=00000001
[CFU] execute fn=24 data0=00000103 data1=00000001
[CFU] delayed response=00000000
[RENODE] result=00000000 error=0
[RENODE] execute fn=24 data0=00000104 data1=00000001
[CFU] execute fn=24 data0=00000104 data1=00000001
[CFU] delayed response=00000000
[RENODE] result=00000000 error=0
[RENODE] execute fn=24 data0=00000105 data1=00000001
[CFU] execute fn=24 data0=00000105 data1=00000001
[CFU] delayed response=00000000
[RENODE] result=00000000 error=0
[RENODE] execute fn=24 data0=00000106 data1=00000001
[CFU] execute fn=24 data0=00000106 data1=00000001
[CFU] delayed response=00000000
[RENODE] result=00000000 error=0
[RENODE] execute fn=24 data0=00000107 data1=00000001
[CFU] execute fn=24 data0=00000107 data1=00000001
[CFU] delayed response=00000000
[RENODE] result=00000000 error=0
[RENODE] execute fn=24 data0=00000108 data1=00000001
[CFU] execute fn=24 data0=00000108 data1=00000001
[CFU] delayed response=00000000
[RENODE] result=00000000 error=0
[RENODE] execute fn=24 data0=00000109 data1=00000001
[CFU] execute fn=24 data0=00000109 data1=00000001
[CFU] delayed response=00000000
[RENODE] result=00000000 error=0
[RENODE] execute fn=24 data0=0000010a data1=00000001
[CFU] execute fn=24 data0=0000010a data1=00000001
[CFU] delayed response=00000000
[RENODE] result=00000000 error=0
[RENODE] execute fn=24 data0=0000010b data1=00000001
[CFU] execute fn=24 data0=0000010b data1=00000001
[CFU] delayed response=00000000
[RENODE] result=00000000 error=0
[RENODE] execute fn=24 data0=0000010c data1=00000001
[CFU] execute fn=24 data0=0000010c data1=00000001
[CFU] delayed response=00000000
[RENODE] result=00000000 error=0
[RENODE] execute fn=24 data0=0000010d data1=00000001
[CFU] execute fn=24 data0=0000010d data1=00000001
[CFU] delayed response=00000000
[RENODE] result=00000000 error=0
[RENODE] execute fn=24 data0=0000010e data1=00000001
[CFU] execute fn=24 data0=0000010e data1=00000001
[CFU] delayed response=00000000
[RENODE] result=00000000 error=0
[RENODE] execute fn=24 data0=0000010f data1=00000001
[CFU] execute fn=24 data0=0000010f data1=00000001
[CFU] delayed response=00000000
[RENODE] result=00000000 error=0
[RENODE] execute fn=24 data0=00000110 data1=00000001
[CFU] execute fn=24 data0=00000110 data1=00000001
[CFU] delayed response=00000000
[RENODE] result=00000000 error=0
[RENODE] execute fn=24 data0=00000111 data1=00000001
[CFU] execute fn=24 data0=00000111 data1=00000001
[CFU] delayed response=00000000
[RENODE] result=00000000 error=0
[RENODE] execute fn=24 data0=00000112 data1=00000001
[CFU] execute fn=24 data0=00000112 data1=00000001
[CFU] delayed response=00000000
[RENODE] result=00000000 error=0
[RENODE] execute fn=24 data0=00000113 data1=00000001
[CFU] execute fn=24 data0=00000113 data1=00000001
[CFU] delayed response=00000000
[RENODE] result=00000000 error=0
[RENODE] execute fn=24 data0=00000114 data1=00000001
[CFU] execute fn=24 data0=00000114 data1=00000001
[CFU] delayed response=00000000
[RENODE] result=00000000 error=0
[RENODE] execute fn=24 data0=00000115 data1=00000001
[CFU] execute fn=24 data0=00000115 data1=00000001
[CFU] delayed response=00000000
[RENODE] result=00000000 error=0
[RENODE] execute fn=24 data0=00000116 data1=00000001
[CFU] execute fn=24 data0=00000116 data1=00000001
[CFU] delayed response=00000000
[RENODE] result=00000000 error=0
[RENODE] execute fn=24 data0=00000117 data1=00000001
[CFU] execute fn=24 data0=00000117 data1=00000001
[CFU] delayed response=00000000
[RENODE] result=00000000 error=0
[RENODE] execute fn=24 data0=00000118 data1=00000001
[CFU] execute fn=24 data0=00000118 data1=00000001
[CFU] delayed response=00000000
[RENODE] result=00000000 error=0
[RENODE] execute fn=24 data0=00000119 data1=00000001
[CFU] execute fn=24 data0=00000119 data1=00000001
[CFU] delayed response=00000000
[RENODE] result=00000000 error=0
[RENODE] execute fn=24 data0=0000011a data1=00000001
[CFU] execute fn=24 data0=0000011a data1=00000001
[CFU] delayed response=00000000
[RENODE] result=00000000 error=0
[RENODE] execute fn=24 data0=0000011b data1=00000001
[CFU] execute fn=24 data0=0000011b data1=00000001
[CFU] delayed response=00000000
[RENODE] result=00000000 error=0
[RENODE] execute fn=24 data0=0000011c data1=00000001
[CFU] execute fn=24 data0=0000011c data1=00000001
[CFU] delayed response=00000000
[RENODE] result=00000000 error=0
[RENODE] execute fn=24 data0=0000011d data1=00000001
[CFU] execute fn=24 data0=0000011d data1=00000001
[CFU] delayed response=00000000
[RENODE] result=00000000 error=0
[RENODE] execute fn=24 data0=0000011e data1=00000001
[CFU] execute fn=24 data0=0000011e data1=00000001
[CFU] delayed response=00000000
[RENODE] result=00000000 error=0
[RENODE] execute fn=24 data0=0000011f data1=00000001
[CFU] execute fn=24 data0=0000011f data1=00000001
[CFU] delayed response=00000000
[RENODE] result=00000000 error=0
[RENODE] execute fn=24 data0=00000120 data1=00000001
[CFU] execute fn=24 data0=00000120 data1=00000001
[CFU] delayed response=00000000
[RENODE] result=00000000 error=0
[RENODE] execute fn=24 data0=00000121 data1=00000001
[CFU] execute fn=24 data0=00000121 data1=00000001
[CFU] delayed response=00000000
[RENODE] result=00000000 error=0
[RENODE] execute fn=24 data0=00000122 data1=00000001
[CFU] execute fn=24 data0=00000122 data1=00000001
[CFU] delayed response=00000000
[RENODE] result=00000000 error=0
[RENODE] execute fn=24 data0=00000123 data1=00000001
[CFU] execute fn=24 data0=00000123 data1=00000001
[CFU] delayed response=00000000
[RENODE] result=00000000 error=0
[RENODE] execute fn=24 data0=00000124 data1=00000001
[CFU] execute fn=24 data0=00000124 data1=00000001
[CFU] delayed response=00000000
[RENODE] result=00000000 error=0
[RENODE] execute fn=24 data0=00000125 data1=00000001
[CFU] execute fn=24 data0=00000125 data1=00000001
[CFU] delayed response=00000000
[RENODE] result=00000000 error=0
[RENODE] execute fn=24 data0=00000126 data1=00000001
[CFU] execute fn=24 data0=00000126 data1=00000001
[CFU] delayed response=00000000
[RENODE] result=00000000 error=0
[RENODE] execute fn=24 data0=00000127 data1=00000001
[CFU] execute fn=24 data0=00000127 data1=00000001
[CFU] delayed response=00000000
[RENODE] result=00000000 error=0
[RENODE] execute fn=24 data0=00000128 data1=00000001
[CFU] execute fn=24 data0=00000128 data1=00000001
[CFU] delayed response=00000000
[RENODE] result=00000000 error=0
[RENODE] execute fn=24 data0=00000129 data1=00000001
[CFU] execute fn=24 data0=00000129 data1=00000001
[CFU] delayed response=00000000
[RENODE] result=00000000 error=0
[RENODE] execute fn=24 data0=0000012a data1=00000001
[CFU] execute fn=24 data0=0000012a data1=00000001
[CFU] delayed response=00000000
[RENODE] result=00000000 error=0
[RENODE] execute fn=24 data0=0000012b data1=00000001
[CFU] execute fn=24 data0=0000012b data1=00000001
[CFU] delayed response=00000000
[RENODE] result=00000000 error=0
[RENODE] execute fn=24 data0=0000012c data1=00000001
[CFU] execute fn=24 data0=0000012c data1=00000001
[CFU] delayed response=00000000
[RENODE] result=00000000 error=0
[RENODE] execute fn=24 data0=0000012d data1=00000001
[CFU] execute fn=24 data0=0000012d data1=00000001
[CFU] delayed response=00000000
[RENODE] result=00000000 error=0
[RENODE] execute fn=24 data0=0000012e data1=00000001
[CFU] execute fn=24 data0=0000012e data1=00000001
[CFU] delayed response=00000000
[RENODE] result=00000000 error=0
[RENODE] execute fn=24 data0=0000012f data1=00000001
[CFU] execute fn=24 data0=0000012f data1=00000001
[CFU] delayed response=00000000
[RENODE] result=00000000 error=0
[RENODE] execute fn=24 data0=00000130 data1=00000001
[CFU] execute fn=24 data0=00000130 data1=00000001
[CFU] delayed response=00000000
[RENODE] result=00000000 error=0
[RENODE] execute fn=24 data0=00000131 data1=00000001
[CFU] execute fn=24 data0=00000131 data1=00000001
[CFU] delayed response=00000000
[RENODE] result=00000000 error=0
[RENODE] execute fn=24 data0=00000132 data1=00000001
[CFU] execute fn=24 data0=00000132 data1=00000001
[CFU] delayed response=00000000
[RENODE] result=00000000 error=0
[RENODE] execute fn=24 data0=00000133 data1=00000001
[CFU] execute fn=24 data0=00000133 data1=00000001
[CFU] delayed response=00000000
[RENODE] result=00000000 error=0
[RENODE] execute fn=24 data0=00000134 data1=00000001
[CFU] execute fn=24 data0=00000134 data1=00000001
[CFU] delayed response=00000000
[RENODE] result=00000000 error=0
[RENODE] execute fn=24 data0=00000135 data1=00000001
[CFU] execute fn=24 data0=00000135 data1=00000001
[CFU] delayed response=00000000
[RENODE] result=00000000 error=0
[RENODE] execute fn=24 data0=00000136 data1=00000001
[CFU] execute fn=24 data0=00000136 data1=00000001
[CFU] delayed response=00000000
[RENODE] result=00000000 error=0
[RENODE] execute fn=24 data0=00000137 data1=00000001
[CFU] execute fn=24 data0=00000137 data1=00000001
[CFU] delayed response=00000000
[RENODE] result=00000000 error=0
[RENODE] execute fn=24 data0=00000138 data1=00000001
[CFU] execute fn=24 data0=00000138 data1=00000001
[CFU] delayed response=00000000
[RENODE] result=00000000 error=0
[RENODE] execute fn=24 data0=00000139 data1=00000001
[CFU] execute fn=24 data0=00000139 data1=00000001
[CFU] delayed response=00000000
[RENODE] result=00000000 error=0
[RENODE] execute fn=24 data0=0000013a data1=00000001
[CFU] execute fn=24 data0=0000013a data1=00000001
[CFU] delayed response=00000000
[RENODE] result=00000000 error=0
[RENODE] execute fn=24 data0=0000013b data1=00000001
[CFU] execute fn=24 data0=0000013b data1=00000001
[CFU] delayed response=00000000
[RENODE] result=00000000 error=0
[RENODE] execute fn=24 data0=0000013c data1=00000001
[CFU] execute fn=24 data0=0000013c data1=00000001
[CFU] delayed response=00000000
[RENODE] result=00000000 error=0
[RENODE] execute fn=24 data0=0000013d data1=00000001
[CFU] execute fn=24 data0=0000013d data1=00000001
[CFU] delayed response=00000000
[RENODE] result=00000000 error=0
[RENODE] execute fn=24 data0=0000013e data1=00000001
[CFU] execute fn=24 data0=0000013e data1=00000001
[CFU] delayed response=00000000
[RENODE] result=00000000 error=0
[RENODE] execute fn=24 data0=0000013f data1=00000001
[CFU] execute fn=24 data0=0000013f data1=00000001
[CFU] delayed response=00000000
[RENODE] result=00000000 error=0
[RENODE] execute fn=24 data0=00000140 data1=00000001
[CFU] execute fn=24 data0=00000140 data1=00000001
[CFU] delayed response=00000000
[RENODE] result=00000000 error=0
[RENODE] execute fn=24 data0=00000141 data1=00000001
[CFU] execute fn=24 data0=00000141 data1=00000001
[CFU] delayed response=00000000
[RENODE] result=00000000 error=0
[RENODE] execute fn=24 data0=00000142 data1=00000001
[CFU] execute fn=24 data0=00000142 data1=00000001
[CFU] delayed response=00000000
[RENODE] result=00000000 error=0
[RENODE] execute fn=24 data0=00000143 data1=00000001
[CFU] execute fn=24 data0=00000143 data1=00000001
[CFU] delayed response=00000000
[RENODE] result=00000000 error=0
[RENODE] execute fn=24 data0=00000144 data1=00000001
[CFU] execute fn=24 data0=00000144 data1=00000001
[CFU] delayed response=00000000
[RENODE] result=00000000 error=0
[RENODE] execute fn=24 data0=00000145 data1=00000001
[CFU] execute fn=24 data0=00000145 data1=00000001
[CFU] delayed response=00000000
[RENODE] result=00000000 error=0
[RENODE] execute fn=24 data0=00000146 data1=00000001
[CFU] execute fn=24 data0=00000146 data1=00000001
[CFU] delayed response=00000000
[RENODE] result=00000000 error=0
[RENODE] execute fn=24 data0=00000147 data1=00000001
[CFU] execute fn=24 data0=00000147 data1=00000001
[CFU] delayed response=00000000
[RENODE] result=00000000 error=0
[RENODE] execute fn=24 data0=00000148 data1=00000001
[CFU] execute fn=24 data0=00000148 data1=00000001
[CFU] delayed response=00000000
[RENODE] result=00000000 error=0
[RENODE] execute fn=24 data0=00000149 data1=00000001
[CFU] execute fn=24 data0=00000149 data1=00000001
[CFU] delayed response=00000000
[RENODE] result=00000000 error=0
[RENODE] execute fn=24 data0=0000014a data1=00000001
[CFU] execute fn=24 data0=0000014a data1=00000001
[CFU] delayed response=00000000
[RENODE] result=00000000 error=0
[RENODE] execute fn=24 data0=0000014b data1=00000001
[CFU] execute fn=24 data0=0000014b data1=00000001
[CFU] delayed response=00000000
[RENODE] result=00000000 error=0
[RENODE] execute fn=24 data0=0000014c data1=00000001
[CFU] execute fn=24 data0=0000014c data1=00000001
[CFU] delayed response=00000000
[RENODE] result=00000000 error=0
[RENODE] execute fn=24 data0=0000014d data1=00000001
[CFU] execute fn=24 data0=0000014d data1=00000001
[CFU] delayed response=00000000
[RENODE] result=00000000 error=0
[RENODE] execute fn=24 data0=0000014e data1=00000001
[CFU] execute fn=24 data0=0000014e data1=00000001
[CFU] delayed response=00000000
[RENODE] result=00000000 error=0
[RENODE] execute fn=24 data0=0000014f data1=00000001
[CFU] execute fn=24 data0=0000014f data1=00000001
[CFU] delayed response=00000000
[RENODE] result=00000000 error=0
[RENODE] execute fn=24 data0=00000150 data1=00000001
[CFU] execute fn=24 data0=00000150 data1=00000001
[CFU] delayed response=00000000
[RENODE] result=00000000 error=0
[RENODE] execute fn=24 data0=00000151 data1=00000001
[CFU] execute fn=24 data0=00000151 data1=00000001
[CFU] delayed response=00000000
[RENODE] result=00000000 error=0
[RENODE] execute fn=24 data0=00000152 data1=00000001
[CFU] execute fn=24 data0=00000152 data1=00000001
[CFU] delayed response=00000000
[RENODE] result=00000000 error=0
[RENODE] execute fn=24 data0=00000153 data1=00000001
[CFU] execute fn=24 data0=00000153 data1=00000001
[CFU] delayed response=00000000
[RENODE] result=00000000 error=0
[RENODE] execute fn=24 data0=00000154 data1=00000001
[CFU] execute fn=24 data0=00000154 data1=00000001
[CFU] delayed response=00000000
[RENODE] result=00000000 error=0
[RENODE] execute fn=24 data0=00000155 data1=00000001
[CFU] execute fn=24 data0=00000155 data1=00000001
[CFU] delayed response=00000000
[RENODE] result=00000000 error=0
[RENODE] execute fn=24 data0=00000156 data1=00000001
[CFU] execute fn=24 data0=00000156 data1=00000001
[CFU] delayed response=00000000
[RENODE] result=00000000 error=0
[RENODE] execute fn=24 data0=00000157 data1=00000001
[CFU] execute fn=24 data0=00000157 data1=00000001
[CFU] delayed response=00000000
[RENODE] result=00000000 error=0
[RENODE] execute fn=24 data0=00000158 data1=00000001
[CFU] execute fn=24 data0=00000158 data1=00000001
[CFU] delayed response=00000000
[RENODE] result=00000000 error=0
[RENODE] execute fn=24 data0=00000159 data1=00000001
[CFU] execute fn=24 data0=00000159 data1=00000001
[CFU] delayed response=00000000
[RENODE] result=00000000 error=0
[RENODE] execute fn=24 data0=0000015a data1=00000001
[CFU] execute fn=24 data0=0000015a data1=00000001
[CFU] delayed response=00000000
[RENODE] result=00000000 error=0
[RENODE] execute fn=24 data0=0000015b data1=00000001
[CFU] execute fn=24 data0=0000015b data1=00000001
[CFU] delayed response=00000000
[RENODE] result=00000000 error=0
[RENODE] execute fn=24 data0=0000015c data1=00000001
[CFU] execute fn=24 data0=0000015c data1=00000001
[CFU] delayed response=00000000
[RENODE] result=00000000 error=0
[RENODE] execute fn=24 data0=0000015d data1=00000001
[CFU] execute fn=24 data0=0000015d data1=00000001
[CFU] delayed response=00000000
[RENODE] result=00000000 error=0
[RENODE] execute fn=24 data0=0000015e data1=00000001
[CFU] execute fn=24 data0=0000015e data1=00000001
[CFU] delayed response=00000000
[RENODE] result=00000000 error=0
[RENODE] execute fn=24 data0=0000015f data1=00000001
[CFU] execute fn=24 data0=0000015f data1=00000001
[CFU] delayed response=00000000
[RENODE] result=00000000 error=0
[RENODE] execute fn=24 data0=00000160 data1=00000001
[CFU] execute fn=24 data0=00000160 data1=00000001
[CFU] delayed response=00000000
[RENODE] result=00000000 error=0
[RENODE] execute fn=24 data0=00000161 data1=00000001
[CFU] execute fn=24 data0=00000161 data1=00000001
[CFU] delayed response=00000000
[RENODE] result=00000000 error=0
[RENODE] execute fn=24 data0=00000162 data1=00000001
[CFU] execute fn=24 data0=00000162 data1=00000001
[CFU] delayed response=00000000
[RENODE] result=00000000 error=0
[RENODE] execute fn=24 data0=00000163 data1=00000001
[CFU] execute fn=24 data0=00000163 data1=00000001
[CFU] delayed response=00000000
[RENODE] result=00000000 error=0
[RENODE] execute fn=24 data0=00000164 data1=00000001
[CFU] execute fn=24 data0=00000164 data1=00000001
[CFU] delayed response=00000000
[RENODE] result=00000000 error=0
[RENODE] execute fn=24 data0=00000165 data1=00000001
[CFU] execute fn=24 data0=00000165 data1=00000001
[CFU] delayed response=00000000
[RENODE] result=00000000 error=0
[RENODE] execute fn=24 data0=00000166 data1=00000001
[CFU] execute fn=24 data0=00000166 data1=00000001
[CFU] delayed response=00000000
[RENODE] result=00000000 error=0
[RENODE] execute fn=24 data0=00000167 data1=00000001
[CFU] execute fn=24 data0=00000167 data1=00000001
[CFU] delayed response=00000000
[RENODE] result=00000000 error=0
[RENODE] execute fn=24 data0=00000168 data1=00000001
[CFU] execute fn=24 data0=00000168 data1=00000001
[CFU] delayed response=00000000
[RENODE] result=00000000 error=0
[RENODE] execute fn=24 data0=00000169 data1=00000001
[CFU] execute fn=24 data0=00000169 data1=00000001
[CFU] delayed response=00000000
[RENODE] result=00000000 error=0
[RENODE] execute fn=24 data0=0000016a data1=00000001
[CFU] execute fn=24 data0=0000016a data1=00000001
[CFU] delayed response=00000000
[RENODE] result=00000000 error=0
[RENODE] execute fn=24 data0=0000016b data1=00000001
[CFU] execute fn=24 data0=0000016b data1=00000001
[CFU] delayed response=00000000
[RENODE] result=00000000 error=0
[RENODE] execute fn=24 data0=0000016c data1=00000001
[CFU] execute fn=24 data0=0000016c data1=00000001
[CFU] delayed response=00000000
[RENODE] result=00000000 error=0
[RENODE] execute fn=24 data0=0000016d data1=00000001
[CFU] execute fn=24 data0=0000016d data1=00000001
[CFU] delayed response=00000000
[RENODE] result=00000000 error=0
[RENODE] execute fn=24 data0=0000016e data1=00000001
[CFU] execute fn=24 data0=0000016e data1=00000001
[CFU] delayed response=00000000
[RENODE] result=00000000 error=0
[RENODE] execute fn=24 data0=0000016f data1=00000001
[CFU] execute fn=24 data0=0000016f data1=00000001
[CFU] delayed response=00000000
[RENODE] result=00000000 error=0
[RENODE] execute fn=24 data0=00000170 data1=00000001
[CFU] execute fn=24 data0=00000170 data1=00000001
[CFU] delayed response=00000000
[RENODE] result=00000000 error=0
[RENODE] execute fn=24 data0=00000171 data1=00000001
[CFU] execute fn=24 data0=00000171 data1=00000001
[CFU] delayed response=00000000
[RENODE] result=00000000 error=0
[RENODE] execute fn=24 data0=00000172 data1=00000001
[CFU] execute fn=24 data0=00000172 data1=00000001
[CFU] delayed response=00000000
[RENODE] result=00000000 error=0
[RENODE] execute fn=24 data0=00000173 data1=00000001
[CFU] execute fn=24 data0=00000173 data1=00000001
[CFU] delayed response=00000000
[RENODE] result=00000000 error=0
[RENODE] execute fn=24 data0=00000174 data1=00000001
[CFU] execute fn=24 data0=00000174 data1=00000001
[CFU] delayed response=00000000
[RENODE] result=00000000 error=0
[RENODE] execute fn=24 data0=00000175 data1=00000001
[CFU] execute fn=24 data0=00000175 data1=00000001
[CFU] delayed response=00000000
[RENODE] result=00000000 error=0
[RENODE] execute fn=24 data0=00000176 data1=00000001
[CFU] execute fn=24 data0=00000176 data1=00000001
[CFU] delayed response=00000000
[RENODE] result=00000000 error=0
[RENODE] execute fn=24 data0=00000177 data1=00000001
[CFU] execute fn=24 data0=00000177 data1=00000001
[CFU] delayed response=00000000
[RENODE] result=00000000 error=0
[RENODE] execute fn=24 data0=00000178 data1=00000001
[CFU] execute fn=24 data0=00000178 data1=00000001
[CFU] delayed response=00000000
[RENODE] result=00000000 error=0
[RENODE] execute fn=24 data0=00000179 data1=00000001
[CFU] execute fn=24 data0=00000179 data1=00000001
[CFU] delayed response=00000000
[RENODE] result=00000000 error=0
[RENODE] execute fn=24 data0=0000017a data1=00000001
[CFU] execute fn=24 data0=0000017a data1=00000001
[CFU] delayed response=00000000
[RENODE] result=00000000 error=0
[RENODE] execute fn=24 data0=0000017b data1=00000001
[CFU] execute fn=24 data0=0000017b data1=00000001
[CFU] delayed response=00000000
[RENODE] result=00000000 error=0
[RENODE] execute fn=24 data0=0000017c data1=00000001
[CFU] execute fn=24 data0=0000017c data1=00000001
[CFU] delayed response=00000000
[RENODE] result=00000000 error=0
[RENODE] execute fn=24 data0=0000017d data1=00000001
[CFU] execute fn=24 data0=0000017d data1=00000001
[CFU] delayed response=00000000
[RENODE] result=00000000 error=0
[RENODE] execute fn=24 data0=0000017e data1=00000001
[CFU] execute fn=24 data0=0000017e data1=00000001
[CFU] delayed response=00000000
[RENODE] result=00000000 error=0
[RENODE] execute fn=24 data0=0000017f data1=00000001
[CFU] execute fn=24 data0=0000017f data1=00000001
[CFU] delayed response=00000000
[RENODE] result=00000000 error=0
21:05:56.9898 [INFO] uart: [host:   0.15s (+19.44ms)|virt: 1.7ms (+0.4ms)] Loading projection weights...
[RENODE] execute fn=32 data0=00000000 data1=00000000
[CFU] execute fn=32 data0=00000000 data1=00000000
[CFU] delayed response=00000000
[RENODE] result=00000000 error=0
21:05:57.0050 [INFO] uart: [host:   0.16s (+15.11ms)|virt:   2ms (+0.3ms)] Starting accelerator...
[RENODE] execute fn=40 data0=00000000 data1=00000000
[CFU] execute fn=40 data0=00000000 data1=00000000
[CFU] delayed response=00000002
[RENODE] result=00000002 error=0
[RENODE] execute fn=40 data0=00000000 data1=00000000
[CFU] execute fn=40 data0=00000000 data1=00000000
[CFU] delayed response=00000002
[RENODE] result=00000002 error=0
21:05:57.0198 [INFO] uart: [host:   0.18s (+14.68ms)|virt: 2.3ms (+0.3ms)] Waiting for accelerator...
21:05:57.0295 [INFO] uart: [host:    0.19s (+9.81ms)|virt: 2.5ms (+0.2ms)] Accelerator DONE.
[RENODE] execute fn=48 data0=00000000 data1=00000000
[CFU] execute fn=48 data0=00000000 data1=00000000
[CFU] delayed response=00000300
[RENODE] result=00000300 error=0
[RENODE] execute fn=48 data0=00000001 data1=00000000
[CFU] execute fn=48 data0=00000001 data1=00000000
[CFU] delayed response=00000300
[RENODE] result=00000300 error=0
[RENODE] execute fn=48 data0=00000002 data1=00000000
[CFU] execute fn=48 data0=00000002 data1=00000000
[CFU] delayed response=00000300
[RENODE] result=00000300 error=0
[RENODE] execute fn=48 data0=00000003 data1=00000000
[CFU] execute fn=48 data0=00000003 data1=00000000
[CFU] delayed response=00000300
[RENODE] result=00000300 error=0
[RENODE] execute fn=48 data0=00000004 data1=00000000
[CFU] execute fn=48 data0=00000004 data1=00000000
[CFU] delayed response=00000300
[RENODE] result=00000300 error=0
[RENODE] execute fn=48 data0=00000005 data1=00000000
[CFU] execute fn=48 data0=00000005 data1=00000000
[CFU] delayed response=00000300
[RENODE] result=00000300 error=0
[RENODE] execute fn=48 data0=00000006 data1=00000000
[CFU] execute fn=48 data0=00000006 data1=00000000
[CFU] delayed response=00000300
[RENODE] result=00000300 error=0
[RENODE] execute fn=48 data0=00000007 data1=00000000
[CFU] execute fn=48 data0=00000007 data1=00000000
[CFU] delayed response=00000300
[RENODE] result=00000300 error=0
[RENODE] execute fn=48 data0=00000008 data1=00000000
[CFU] execute fn=48 data0=00000008 data1=00000000
[CFU] delayed response=00000300
[RENODE] result=00000300 error=0
[RENODE] execute fn=48 data0=00000009 data1=00000000
[CFU] execute fn=48 data0=00000009 data1=00000000
[CFU] delayed response=00000300
[RENODE] result=00000300 error=0
[RENODE] execute fn=48 data0=0000000a data1=00000000
[CFU] execute fn=48 data0=0000000a data1=00000000
[CFU] delayed response=00000300
[RENODE] result=00000300 error=0
[RENODE] execute fn=48 data0=0000000b data1=00000000
[CFU] execute fn=48 data0=0000000b data1=00000000
[CFU] delayed response=00000300
[RENODE] result=00000300 error=0
[RENODE] execute fn=48 data0=0000000c data1=00000000
[CFU] execute fn=48 data0=0000000c data1=00000000
[CFU] delayed response=00000300
[RENODE] result=00000300 error=0
[RENODE] execute fn=48 data0=0000000d data1=00000000
[CFU] execute fn=48 data0=0000000d data1=00000000
[CFU] delayed response=00000300
[RENODE] result=00000300 error=0
[RENODE] execute fn=48 data0=0000000e data1=00000000
[CFU] execute fn=48 data0=0000000e data1=00000000
[CFU] delayed response=00000300
[RENODE] result=00000300 error=0
[RENODE] execute fn=48 data0=0000000f data1=00000000
[CFU] execute fn=48 data0=0000000f data1=00000000
[CFU] delayed response=00000300
[RENODE] result=00000300 error=0
[RENODE] execute fn=48 data0=00000010 data1=00000000
[CFU] execute fn=48 data0=00000010 data1=00000000
[CFU] delayed response=00000480
[RENODE] result=00000480 error=0
[RENODE] execute fn=48 data0=00000011 data1=00000000
[CFU] execute fn=48 data0=00000011 data1=00000000
[CFU] delayed response=00000480
[RENODE] result=00000480 error=0
[RENODE] execute fn=48 data0=00000012 data1=00000000
[CFU] execute fn=48 data0=00000012 data1=00000000
[CFU] delayed response=00000480
[RENODE] result=00000480 error=0
[RENODE] execute fn=48 data0=00000013 data1=00000000
[CFU] execute fn=48 data0=00000013 data1=00000000
[CFU] delayed response=00000480
[RENODE] result=00000480 error=0
[RENODE] execute fn=48 data0=00000014 data1=00000000
[CFU] execute fn=48 data0=00000014 data1=00000000
[CFU] delayed response=00000480
[RENODE] result=00000480 error=0
[RENODE] execute fn=48 data0=00000015 data1=00000000
[CFU] execute fn=48 data0=00000015 data1=00000000
[CFU] delayed response=00000480
[RENODE] result=00000480 error=0
[RENODE] execute fn=48 data0=00000016 data1=00000000
[CFU] execute fn=48 data0=00000016 data1=00000000
[CFU] delayed response=00000480
[RENODE] result=00000480 error=0
[RENODE] execute fn=48 data0=00000017 data1=00000000
[CFU] execute fn=48 data0=00000017 data1=00000000
[CFU] delayed response=00000480
[RENODE] result=00000480 error=0
[RENODE] execute fn=48 data0=00000018 data1=00000000
[CFU] execute fn=48 data0=00000018 data1=00000000
[CFU] delayed response=00000480
[RENODE] result=00000480 error=0
[RENODE] execute fn=48 data0=00000019 data1=00000000
[CFU] execute fn=48 data0=00000019 data1=00000000
[CFU] delayed response=00000480
[RENODE] result=00000480 error=0
[RENODE] execute fn=48 data0=0000001a data1=00000000
[CFU] execute fn=48 data0=0000001a data1=00000000
[CFU] delayed response=00000480
[RENODE] result=00000480 error=0
[RENODE] execute fn=48 data0=0000001b data1=00000000
[CFU] execute fn=48 data0=0000001b data1=00000000
[CFU] delayed response=00000480
[RENODE] result=00000480 error=0
[RENODE] execute fn=48 data0=0000001c data1=00000000
[CFU] execute fn=48 data0=0000001c data1=00000000
[CFU] delayed response=00000480
[RENODE] result=00000480 error=0
[RENODE] execute fn=48 data0=0000001d data1=00000000
[CFU] execute fn=48 data0=0000001d data1=00000000
[CFU] delayed response=00000480
[RENODE] result=00000480 error=0
[RENODE] execute fn=48 data0=0000001e data1=00000000
[CFU] execute fn=48 data0=0000001e data1=00000000
[CFU] delayed response=00000480
[RENODE] result=00000480 error=0
[RENODE] execute fn=48 data0=0000001f data1=00000000
[CFU] execute fn=48 data0=0000001f data1=00000000
[CFU] delayed response=00000480
[RENODE] result=00000480 error=0
[RENODE] execute fn=48 data0=00000020 data1=00000000
[CFU] execute fn=48 data0=00000020 data1=00000000
[CFU] delayed response=00000480
[RENODE] result=00000480 error=0
[RENODE] execute fn=48 data0=00000021 data1=00000000
[CFU] execute fn=48 data0=00000021 data1=00000000
[CFU] delayed response=00000480
[RENODE] result=00000480 error=0
[RENODE] execute fn=48 data0=00000022 data1=00000000
[CFU] execute fn=48 data0=00000022 data1=00000000
[CFU] delayed response=00000480
[RENODE] result=00000480 error=0
[RENODE] execute fn=48 data0=00000023 data1=00000000
[CFU] execute fn=48 data0=00000023 data1=00000000
[CFU] delayed response=00000480
[RENODE] result=00000480 error=0
[RENODE] execute fn=48 data0=00000024 data1=00000000
[CFU] execute fn=48 data0=00000024 data1=00000000
[CFU] delayed response=00000480
[RENODE] result=00000480 error=0
[RENODE] execute fn=48 data0=00000025 data1=00000000
[CFU] execute fn=48 data0=00000025 data1=00000000
[CFU] delayed response=00000480
[RENODE] result=00000480 error=0
[RENODE] execute fn=48 data0=00000026 data1=00000000
[CFU] execute fn=48 data0=00000026 data1=00000000
[CFU] delayed response=00000480
[RENODE] result=00000480 error=0
[RENODE] execute fn=48 data0=00000027 data1=00000000
[CFU] execute fn=48 data0=00000027 data1=00000000
[CFU] delayed response=00000480
[RENODE] result=00000480 error=0
[RENODE] execute fn=48 data0=00000028 data1=00000000
[CFU] execute fn=48 data0=00000028 data1=00000000
[CFU] delayed response=00000480
[RENODE] result=00000480 error=0
[RENODE] execute fn=48 data0=00000029 data1=00000000
[CFU] execute fn=48 data0=00000029 data1=00000000
[CFU] delayed response=00000480
[RENODE] result=00000480 error=0
[RENODE] execute fn=48 data0=0000002a data1=00000000
[CFU] execute fn=48 data0=0000002a data1=00000000
[CFU] delayed response=00000480
[RENODE] result=00000480 error=0
[RENODE] execute fn=48 data0=0000002b data1=00000000
[CFU] execute fn=48 data0=0000002b data1=00000000
[CFU] delayed response=00000480
[RENODE] result=00000480 error=0
[RENODE] execute fn=48 data0=0000002c data1=00000000
[CFU] execute fn=48 data0=0000002c data1=00000000
[CFU] delayed response=00000480
[RENODE] result=00000480 error=0
[RENODE] execute fn=48 data0=0000002d data1=00000000
[CFU] execute fn=48 data0=0000002d data1=00000000
[CFU] delayed response=00000480
[RENODE] result=00000480 error=0
[RENODE] execute fn=48 data0=0000002e data1=00000000
[CFU] execute fn=48 data0=0000002e data1=00000000
[CFU] delayed response=00000480
[RENODE] result=00000480 error=0
[RENODE] execute fn=48 data0=0000002f data1=00000000
[CFU] execute fn=48 data0=0000002f data1=00000000
[CFU] delayed response=00000480
[RENODE] result=00000480 error=0
[RENODE] execute fn=48 data0=00000030 data1=00000000
[CFU] execute fn=48 data0=00000030 data1=00000000
[CFU] delayed response=00000300
[RENODE] result=00000300 error=0
[RENODE] execute fn=48 data0=00000031 data1=00000000
[CFU] execute fn=48 data0=00000031 data1=00000000
[CFU] delayed response=00000300
[RENODE] result=00000300 error=0
[RENODE] execute fn=48 data0=00000032 data1=00000000
[CFU] execute fn=48 data0=00000032 data1=00000000
[CFU] delayed response=00000300
[RENODE] result=00000300 error=0
[RENODE] execute fn=48 data0=00000033 data1=00000000
[CFU] execute fn=48 data0=00000033 data1=00000000
[CFU] delayed response=00000300
[RENODE] result=00000300 error=0
[RENODE] execute fn=48 data0=00000034 data1=00000000
[CFU] execute fn=48 data0=00000034 data1=00000000
[CFU] delayed response=00000300
[RENODE] result=00000300 error=0
[RENODE] execute fn=48 data0=00000035 data1=00000000
[CFU] execute fn=48 data0=00000035 data1=00000000
[CFU] delayed response=00000300
[RENODE] result=00000300 error=0
[RENODE] execute fn=48 data0=00000036 data1=00000000
[CFU] execute fn=48 data0=00000036 data1=00000000
[CFU] delayed response=00000300
[RENODE] result=00000300 error=0
[RENODE] execute fn=48 data0=00000037 data1=00000000
[CFU] execute fn=48 data0=00000037 data1=00000000
[CFU] delayed response=00000300
[RENODE] result=00000300 error=0
[RENODE] execute fn=48 data0=00000038 data1=00000000
[CFU] execute fn=48 data0=00000038 data1=00000000
[CFU] delayed response=00000300
[RENODE] result=00000300 error=0
[RENODE] execute fn=48 data0=00000039 data1=00000000
[CFU] execute fn=48 data0=00000039 data1=00000000
[CFU] delayed response=00000300
[RENODE] result=00000300 error=0
[RENODE] execute fn=48 data0=0000003a data1=00000000
[CFU] execute fn=48 data0=0000003a data1=00000000
[CFU] delayed response=00000300
[RENODE] result=00000300 error=0
[RENODE] execute fn=48 data0=0000003b data1=00000000
[CFU] execute fn=48 data0=0000003b data1=00000000
[CFU] delayed response=00000300
[RENODE] result=00000300 error=0
[RENODE] execute fn=48 data0=0000003c data1=00000000
[CFU] execute fn=48 data0=0000003c data1=00000000
[CFU] delayed response=00000300
[RENODE] result=00000300 error=0
[RENODE] execute fn=48 data0=0000003d data1=00000000
[CFU] execute fn=48 data0=0000003d data1=00000000
[CFU] delayed response=00000300
[RENODE] result=00000300 error=0
[RENODE] execute fn=48 data0=0000003e data1=00000000
[CFU] execute fn=48 data0=0000003e data1=00000000
[CFU] delayed response=00000300
[RENODE] result=00000300 error=0
[RENODE] execute fn=48 data0=0000003f data1=00000000
[CFU] execute fn=48 data0=0000003f data1=00000000
[CFU] delayed response=00000300
[RENODE] result=00000300 error=0
[RENODE] execute fn=48 data0=00000040 data1=00000000
[CFU] execute fn=48 data0=00000040 data1=00000000
[CFU] delayed response=00000480
[RENODE] result=00000480 error=0
[RENODE] execute fn=48 data0=00000041 data1=00000000
[CFU] execute fn=48 data0=00000041 data1=00000000
[CFU] delayed response=00000480
[RENODE] result=00000480 error=0
[RENODE] execute fn=48 data0=00000042 data1=00000000
[CFU] execute fn=48 data0=00000042 data1=00000000
[CFU] delayed response=00000480
[RENODE] result=00000480 error=0
[RENODE] execute fn=48 data0=00000043 data1=00000000
[CFU] execute fn=48 data0=00000043 data1=00000000
[CFU] delayed response=00000480
[RENODE] result=00000480 error=0
[RENODE] execute fn=48 data0=00000044 data1=00000000
[CFU] execute fn=48 data0=00000044 data1=00000000
[CFU] delayed response=00000480
[RENODE] result=00000480 error=0
[RENODE] execute fn=48 data0=00000045 data1=00000000
[CFU] execute fn=48 data0=00000045 data1=00000000
[CFU] delayed response=00000480
[RENODE] result=00000480 error=0
[RENODE] execute fn=48 data0=00000046 data1=00000000
[CFU] execute fn=48 data0=00000046 data1=00000000
[CFU] delayed response=00000480
[RENODE] result=00000480 error=0
[RENODE] execute fn=48 data0=00000047 data1=00000000
[CFU] execute fn=48 data0=00000047 data1=00000000
[CFU] delayed response=00000480
[RENODE] result=00000480 error=0
[RENODE] execute fn=48 data0=00000048 data1=00000000
[CFU] execute fn=48 data0=00000048 data1=00000000
[CFU] delayed response=00000480
[RENODE] result=00000480 error=0
[RENODE] execute fn=48 data0=00000049 data1=00000000
[CFU] execute fn=48 data0=00000049 data1=00000000
[CFU] delayed response=00000480
[RENODE] result=00000480 error=0
[RENODE] execute fn=48 data0=0000004a data1=00000000
[CFU] execute fn=48 data0=0000004a data1=00000000
[CFU] delayed response=00000480
[RENODE] result=00000480 error=0
[RENODE] execute fn=48 data0=0000004b data1=00000000
[CFU] execute fn=48 data0=0000004b data1=00000000
[CFU] delayed response=00000480
[RENODE] result=00000480 error=0
[RENODE] execute fn=48 data0=0000004c data1=00000000
[CFU] execute fn=48 data0=0000004c data1=00000000
[CFU] delayed response=00000480
[RENODE] result=00000480 error=0
[RENODE] execute fn=48 data0=0000004d data1=00000000
[CFU] execute fn=48 data0=0000004d data1=00000000
[CFU] delayed response=00000480
[RENODE] result=00000480 error=0
[RENODE] execute fn=48 data0=0000004e data1=00000000
[CFU] execute fn=48 data0=0000004e data1=00000000
[CFU] delayed response=00000480
[RENODE] result=00000480 error=0
[RENODE] execute fn=48 data0=0000004f data1=00000000
[CFU] execute fn=48 data0=0000004f data1=00000000
[CFU] delayed response=00000480
[RENODE] result=00000480 error=0
[RENODE] execute fn=48 data0=00000050 data1=00000000
[CFU] execute fn=48 data0=00000050 data1=00000000
[CFU] delayed response=000006c0
[RENODE] result=000006c0 error=0
[RENODE] execute fn=48 data0=00000051 data1=00000000
[CFU] execute fn=48 data0=00000051 data1=00000000
[CFU] delayed response=000006c0
[RENODE] result=000006c0 error=0
[RENODE] execute fn=48 data0=00000052 data1=00000000
[CFU] execute fn=48 data0=00000052 data1=00000000
[CFU] delayed response=000006c0
[RENODE] result=000006c0 error=0
[RENODE] execute fn=48 data0=00000053 data1=00000000
[CFU] execute fn=48 data0=00000053 data1=00000000
[CFU] delayed response=000006c0
[RENODE] result=000006c0 error=0
[RENODE] execute fn=48 data0=00000054 data1=00000000
[CFU] execute fn=48 data0=00000054 data1=00000000
[CFU] delayed response=000006c0
[RENODE] result=000006c0 error=0
[RENODE] execute fn=48 data0=00000055 data1=00000000
[CFU] execute fn=48 data0=00000055 data1=00000000
[CFU] delayed response=000006c0
[RENODE] result=000006c0 error=0
[RENODE] execute fn=48 data0=00000056 data1=00000000
[CFU] execute fn=48 data0=00000056 data1=00000000
[CFU] delayed response=000006c0
[RENODE] result=000006c0 error=0
[RENODE] execute fn=48 data0=00000057 data1=00000000
[CFU] execute fn=48 data0=00000057 data1=00000000
[CFU] delayed response=000006c0
[RENODE] result=000006c0 error=0
[RENODE] execute fn=48 data0=00000058 data1=00000000
[CFU] execute fn=48 data0=00000058 data1=00000000
[CFU] delayed response=000006c0
[RENODE] result=000006c0 error=0
[RENODE] execute fn=48 data0=00000059 data1=00000000
[CFU] execute fn=48 data0=00000059 data1=00000000
[CFU] delayed response=000006c0
[RENODE] result=000006c0 error=0
[RENODE] execute fn=48 data0=0000005a data1=00000000
[CFU] execute fn=48 data0=0000005a data1=00000000
[CFU] delayed response=000006c0
[RENODE] result=000006c0 error=0
[RENODE] execute fn=48 data0=0000005b data1=00000000
[CFU] execute fn=48 data0=0000005b data1=00000000
[CFU] delayed response=000006c0
[RENODE] result=000006c0 error=0
[RENODE] execute fn=48 data0=0000005c data1=00000000
[CFU] execute fn=48 data0=0000005c data1=00000000
[CFU] delayed response=000006c0
[RENODE] result=000006c0 error=0
[RENODE] execute fn=48 data0=0000005d data1=00000000
[CFU] execute fn=48 data0=0000005d data1=00000000
[CFU] delayed response=000006c0
[RENODE] result=000006c0 error=0
[RENODE] execute fn=48 data0=0000005e data1=00000000
[CFU] execute fn=48 data0=0000005e data1=00000000
[CFU] delayed response=000006c0
[RENODE] result=000006c0 error=0
[RENODE] execute fn=48 data0=0000005f data1=00000000
[CFU] execute fn=48 data0=0000005f data1=00000000
[CFU] delayed response=000006c0
[RENODE] result=000006c0 error=0
[RENODE] execute fn=48 data0=00000060 data1=00000000
[CFU] execute fn=48 data0=00000060 data1=00000000
[CFU] delayed response=000006c0
[RENODE] result=000006c0 error=0
[RENODE] execute fn=48 data0=00000061 data1=00000000
[CFU] execute fn=48 data0=00000061 data1=00000000
[CFU] delayed response=000006c0
[RENODE] result=000006c0 error=0
[RENODE] execute fn=48 data0=00000062 data1=00000000
[CFU] execute fn=48 data0=00000062 data1=00000000
[CFU] delayed response=000006c0
[RENODE] result=000006c0 error=0
[RENODE] execute fn=48 data0=00000063 data1=00000000
[CFU] execute fn=48 data0=00000063 data1=00000000
[CFU] delayed response=000006c0
[RENODE] result=000006c0 error=0
[RENODE] execute fn=48 data0=00000064 data1=00000000
[CFU] execute fn=48 data0=00000064 data1=00000000
[CFU] delayed response=000006c0
[RENODE] result=000006c0 error=0
[RENODE] execute fn=48 data0=00000065 data1=00000000
[CFU] execute fn=48 data0=00000065 data1=00000000
[CFU] delayed response=000006c0
[RENODE] result=000006c0 error=0
[RENODE] execute fn=48 data0=00000066 data1=00000000
[CFU] execute fn=48 data0=00000066 data1=00000000
[CFU] delayed response=000006c0
[RENODE] result=000006c0 error=0
[RENODE] execute fn=48 data0=00000067 data1=00000000
[CFU] execute fn=48 data0=00000067 data1=00000000
[CFU] delayed response=000006c0
[RENODE] result=000006c0 error=0
[RENODE] execute fn=48 data0=00000068 data1=00000000
[CFU] execute fn=48 data0=00000068 data1=00000000
[CFU] delayed response=000006c0
[RENODE] result=000006c0 error=0
[RENODE] execute fn=48 data0=00000069 data1=00000000
[CFU] execute fn=48 data0=00000069 data1=00000000
[CFU] delayed response=000006c0
[RENODE] result=000006c0 error=0
[RENODE] execute fn=48 data0=0000006a data1=00000000
[CFU] execute fn=48 data0=0000006a data1=00000000
[CFU] delayed response=000006c0
[RENODE] result=000006c0 error=0
[RENODE] execute fn=48 data0=0000006b data1=00000000
[CFU] execute fn=48 data0=0000006b data1=00000000
[CFU] delayed response=000006c0
[RENODE] result=000006c0 error=0
[RENODE] execute fn=48 data0=0000006c data1=00000000
[CFU] execute fn=48 data0=0000006c data1=00000000
[CFU] delayed response=000006c0
[RENODE] result=000006c0 error=0
[RENODE] execute fn=48 data0=0000006d data1=00000000
[CFU] execute fn=48 data0=0000006d data1=00000000
[CFU] delayed response=000006c0
[RENODE] result=000006c0 error=0
[RENODE] execute fn=48 data0=0000006e data1=00000000
[CFU] execute fn=48 data0=0000006e data1=00000000
[CFU] delayed response=000006c0
[RENODE] result=000006c0 error=0
[RENODE] execute fn=48 data0=0000006f data1=00000000
[CFU] execute fn=48 data0=0000006f data1=00000000
[CFU] delayed response=000006c0
[RENODE] result=000006c0 error=0
[RENODE] execute fn=48 data0=00000070 data1=00000000
[CFU] execute fn=48 data0=00000070 data1=00000000
[CFU] delayed response=00000480
[RENODE] result=00000480 error=0
[RENODE] execute fn=48 data0=00000071 data1=00000000
[CFU] execute fn=48 data0=00000071 data1=00000000
[CFU] delayed response=00000480
[RENODE] result=00000480 error=0
[RENODE] execute fn=48 data0=00000072 data1=00000000
[CFU] execute fn=48 data0=00000072 data1=00000000
[CFU] delayed response=00000480
[RENODE] result=00000480 error=0
[RENODE] execute fn=48 data0=00000073 data1=00000000
[CFU] execute fn=48 data0=00000073 data1=00000000
[CFU] delayed response=00000480
[RENODE] result=00000480 error=0
[RENODE] execute fn=48 data0=00000074 data1=00000000
[CFU] execute fn=48 data0=00000074 data1=00000000
[CFU] delayed response=00000480
[RENODE] result=00000480 error=0
[RENODE] execute fn=48 data0=00000075 data1=00000000
[CFU] execute fn=48 data0=00000075 data1=00000000
[CFU] delayed response=00000480
[RENODE] result=00000480 error=0
[RENODE] execute fn=48 data0=00000076 data1=00000000
[CFU] execute fn=48 data0=00000076 data1=00000000
[CFU] delayed response=00000480
[RENODE] result=00000480 error=0
[RENODE] execute fn=48 data0=00000077 data1=00000000
[CFU] execute fn=48 data0=00000077 data1=00000000
[CFU] delayed response=00000480
[RENODE] result=00000480 error=0
[RENODE] execute fn=48 data0=00000078 data1=00000000
[CFU] execute fn=48 data0=00000078 data1=00000000
[CFU] delayed response=00000480
[RENODE] result=00000480 error=0
[RENODE] execute fn=48 data0=00000079 data1=00000000
[CFU] execute fn=48 data0=00000079 data1=00000000
[CFU] delayed response=00000480
[RENODE] result=00000480 error=0
[RENODE] execute fn=48 data0=0000007a data1=00000000
[CFU] execute fn=48 data0=0000007a data1=00000000
[CFU] delayed response=00000480
[RENODE] result=00000480 error=0
[RENODE] execute fn=48 data0=0000007b data1=00000000
[CFU] execute fn=48 data0=0000007b data1=00000000
[CFU] delayed response=00000480
[RENODE] result=00000480 error=0
[RENODE] execute fn=48 data0=0000007c data1=00000000
[CFU] execute fn=48 data0=0000007c data1=00000000
[CFU] delayed response=00000480
[RENODE] result=00000480 error=0
[RENODE] execute fn=48 data0=0000007d data1=00000000
[CFU] execute fn=48 data0=0000007d data1=00000000
[CFU] delayed response=00000480
[RENODE] result=00000480 error=0
[RENODE] execute fn=48 data0=0000007e data1=00000000
[CFU] execute fn=48 data0=0000007e data1=00000000
[CFU] delayed response=00000480
[RENODE] result=00000480 error=0
[RENODE] execute fn=48 data0=0000007f data1=00000000
[CFU] execute fn=48 data0=0000007f data1=00000000
[CFU] delayed response=00000480
[RENODE] result=00000480 error=0
[RENODE] execute fn=48 data0=00000080 data1=00000000
[CFU] execute fn=48 data0=00000080 data1=00000000
[CFU] delayed response=00000480
[RENODE] result=00000480 error=0
[RENODE] execute fn=48 data0=00000081 data1=00000000
[CFU] execute fn=48 data0=00000081 data1=00000000
[CFU] delayed response=00000480
[RENODE] result=00000480 error=0
[RENODE] execute fn=48 data0=00000082 data1=00000000
[CFU] execute fn=48 data0=00000082 data1=00000000
[CFU] delayed response=00000480
[RENODE] result=00000480 error=0
[RENODE] execute fn=48 data0=00000083 data1=00000000
[CFU] execute fn=48 data0=00000083 data1=00000000
[CFU] delayed response=00000480
[RENODE] result=00000480 error=0
[RENODE] execute fn=48 data0=00000084 data1=00000000
[CFU] execute fn=48 data0=00000084 data1=00000000
[CFU] delayed response=00000480
[RENODE] result=00000480 error=0
[RENODE] execute fn=48 data0=00000085 data1=00000000
[CFU] execute fn=48 data0=00000085 data1=00000000
[CFU] delayed response=00000480
[RENODE] result=00000480 error=0
[RENODE] execute fn=48 data0=00000086 data1=00000000
[CFU] execute fn=48 data0=00000086 data1=00000000
[CFU] delayed response=00000480
[RENODE] result=00000480 error=0
[RENODE] execute fn=48 data0=00000087 data1=00000000
[CFU] execute fn=48 data0=00000087 data1=00000000
[CFU] delayed response=00000480
[RENODE] result=00000480 error=0
[RENODE] execute fn=48 data0=00000088 data1=00000000
[CFU] execute fn=48 data0=00000088 data1=00000000
[CFU] delayed response=00000480
[RENODE] result=00000480 error=0
[RENODE] execute fn=48 data0=00000089 data1=00000000
[CFU] execute fn=48 data0=00000089 data1=00000000
[CFU] delayed response=00000480
[RENODE] result=00000480 error=0
[RENODE] execute fn=48 data0=0000008a data1=00000000
[CFU] execute fn=48 data0=0000008a data1=00000000
[CFU] delayed response=00000480
[RENODE] result=00000480 error=0
[RENODE] execute fn=48 data0=0000008b data1=00000000
[CFU] execute fn=48 data0=0000008b data1=00000000
[CFU] delayed response=00000480
[RENODE] result=00000480 error=0
[RENODE] execute fn=48 data0=0000008c data1=00000000
[CFU] execute fn=48 data0=0000008c data1=00000000
[CFU] delayed response=00000480
[RENODE] result=00000480 error=0
[RENODE] execute fn=48 data0=0000008d data1=00000000
[CFU] execute fn=48 data0=0000008d data1=00000000
[CFU] delayed response=00000480
[RENODE] result=00000480 error=0
[RENODE] execute fn=48 data0=0000008e data1=00000000
[CFU] execute fn=48 data0=0000008e data1=00000000
[CFU] delayed response=00000480
[RENODE] result=00000480 error=0
[RENODE] execute fn=48 data0=0000008f data1=00000000
[CFU] execute fn=48 data0=0000008f data1=00000000
[CFU] delayed response=00000480
[RENODE] result=00000480 error=0
[RENODE] execute fn=48 data0=00000090 data1=00000000
[CFU] execute fn=48 data0=00000090 data1=00000000
[CFU] delayed response=000006c0
[RENODE] result=000006c0 error=0
[RENODE] execute fn=48 data0=00000091 data1=00000000
[CFU] execute fn=48 data0=00000091 data1=00000000
[CFU] delayed response=000006c0
[RENODE] result=000006c0 error=0
[RENODE] execute fn=48 data0=00000092 data1=00000000
[CFU] execute fn=48 data0=00000092 data1=00000000
[CFU] delayed response=000006c0
[RENODE] result=000006c0 error=0
[RENODE] execute fn=48 data0=00000093 data1=00000000
[CFU] execute fn=48 data0=00000093 data1=00000000
[CFU] delayed response=000006c0
[RENODE] result=000006c0 error=0
[RENODE] execute fn=48 data0=00000094 data1=00000000
[CFU] execute fn=48 data0=00000094 data1=00000000
[CFU] delayed response=000006c0
[RENODE] result=000006c0 error=0
[RENODE] execute fn=48 data0=00000095 data1=00000000
[CFU] execute fn=48 data0=00000095 data1=00000000
[CFU] delayed response=000006c0
[RENODE] result=000006c0 error=0
[RENODE] execute fn=48 data0=00000096 data1=00000000
[CFU] execute fn=48 data0=00000096 data1=00000000
[CFU] delayed response=000006c0
[RENODE] result=000006c0 error=0
[RENODE] execute fn=48 data0=00000097 data1=00000000
[CFU] execute fn=48 data0=00000097 data1=00000000
[CFU] delayed response=000006c0
[RENODE] result=000006c0 error=0
[RENODE] execute fn=48 data0=00000098 data1=00000000
[CFU] execute fn=48 data0=00000098 data1=00000000
[CFU] delayed response=000006c0
[RENODE] result=000006c0 error=0
[RENODE] execute fn=48 data0=00000099 data1=00000000
[CFU] execute fn=48 data0=00000099 data1=00000000
[CFU] delayed response=000006c0
[RENODE] result=000006c0 error=0
[RENODE] execute fn=48 data0=0000009a data1=00000000
[CFU] execute fn=48 data0=0000009a data1=00000000
[CFU] delayed response=000006c0
[RENODE] result=000006c0 error=0
[RENODE] execute fn=48 data0=0000009b data1=00000000
[CFU] execute fn=48 data0=0000009b data1=00000000
[CFU] delayed response=000006c0
[RENODE] result=000006c0 error=0
[RENODE] execute fn=48 data0=0000009c data1=00000000
[CFU] execute fn=48 data0=0000009c data1=00000000
[CFU] delayed response=000006c0
[RENODE] result=000006c0 error=0
[RENODE] execute fn=48 data0=0000009d data1=00000000
[CFU] execute fn=48 data0=0000009d data1=00000000
[CFU] delayed response=000006c0
[RENODE] result=000006c0 error=0
[RENODE] execute fn=48 data0=0000009e data1=00000000
[CFU] execute fn=48 data0=0000009e data1=00000000
[CFU] delayed response=000006c0
[RENODE] result=000006c0 error=0
[RENODE] execute fn=48 data0=0000009f data1=00000000
[CFU] execute fn=48 data0=0000009f data1=00000000
[CFU] delayed response=000006c0
[RENODE] result=000006c0 error=0
[RENODE] execute fn=48 data0=000000a0 data1=00000000
[CFU] execute fn=48 data0=000000a0 data1=00000000
[CFU] delayed response=000006c0
[RENODE] result=000006c0 error=0
[RENODE] execute fn=48 data0=000000a1 data1=00000000
[CFU] execute fn=48 data0=000000a1 data1=00000000
[CFU] delayed response=000006c0
[RENODE] result=000006c0 error=0
[RENODE] execute fn=48 data0=000000a2 data1=00000000
[CFU] execute fn=48 data0=000000a2 data1=00000000
[CFU] delayed response=000006c0
[RENODE] result=000006c0 error=0
[RENODE] execute fn=48 data0=000000a3 data1=00000000
[CFU] execute fn=48 data0=000000a3 data1=00000000
[CFU] delayed response=000006c0
[RENODE] result=000006c0 error=0
[RENODE] execute fn=48 data0=000000a4 data1=00000000
[CFU] execute fn=48 data0=000000a4 data1=00000000
[CFU] delayed response=000006c0
[RENODE] result=000006c0 error=0
[RENODE] execute fn=48 data0=000000a5 data1=00000000
[CFU] execute fn=48 data0=000000a5 data1=00000000
[CFU] delayed response=000006c0
[RENODE] result=000006c0 error=0
[RENODE] execute fn=48 data0=000000a6 data1=00000000
[CFU] execute fn=48 data0=000000a6 data1=00000000
[CFU] delayed response=000006c0
[RENODE] result=000006c0 error=0
[RENODE] execute fn=48 data0=000000a7 data1=00000000
[CFU] execute fn=48 data0=000000a7 data1=00000000
[CFU] delayed response=000006c0
[RENODE] result=000006c0 error=0
[RENODE] execute fn=48 data0=000000a8 data1=00000000
[CFU] execute fn=48 data0=000000a8 data1=00000000
[CFU] delayed response=000006c0
[RENODE] result=000006c0 error=0
[RENODE] execute fn=48 data0=000000a9 data1=00000000
[CFU] execute fn=48 data0=000000a9 data1=00000000
[CFU] delayed response=000006c0
[RENODE] result=000006c0 error=0
[RENODE] execute fn=48 data0=000000aa data1=00000000
[CFU] execute fn=48 data0=000000aa data1=00000000
[CFU] delayed response=000006c0
[RENODE] result=000006c0 error=0
[RENODE] execute fn=48 data0=000000ab data1=00000000
[CFU] execute fn=48 data0=000000ab data1=00000000
[CFU] delayed response=000006c0
[RENODE] result=000006c0 error=0
[RENODE] execute fn=48 data0=000000ac data1=00000000
[CFU] execute fn=48 data0=000000ac data1=00000000
[CFU] delayed response=000006c0
[RENODE] result=000006c0 error=0
[RENODE] execute fn=48 data0=000000ad data1=00000000
[CFU] execute fn=48 data0=000000ad data1=00000000
[CFU] delayed response=000006c0
[RENODE] result=000006c0 error=0
[RENODE] execute fn=48 data0=000000ae data1=00000000
[CFU] execute fn=48 data0=000000ae data1=00000000
[CFU] delayed response=000006c0
[RENODE] result=000006c0 error=0
[RENODE] execute fn=48 data0=000000af data1=00000000
[CFU] execute fn=48 data0=000000af data1=00000000
[CFU] delayed response=000006c0
[RENODE] result=000006c0 error=0
[RENODE] execute fn=48 data0=000000b0 data1=00000000
[CFU] execute fn=48 data0=000000b0 data1=00000000
[CFU] delayed response=00000480
[RENODE] result=00000480 error=0
[RENODE] execute fn=48 data0=000000b1 data1=00000000
[CFU] execute fn=48 data0=000000b1 data1=00000000
[CFU] delayed response=00000480
[RENODE] result=00000480 error=0
[RENODE] execute fn=48 data0=000000b2 data1=00000000
[CFU] execute fn=48 data0=000000b2 data1=00000000
[CFU] delayed response=00000480
[RENODE] result=00000480 error=0
[RENODE] execute fn=48 data0=000000b3 data1=00000000
[CFU] execute fn=48 data0=000000b3 data1=00000000
[CFU] delayed response=00000480
[RENODE] result=00000480 error=0
[RENODE] execute fn=48 data0=000000b4 data1=00000000
[CFU] execute fn=48 data0=000000b4 data1=00000000
[CFU] delayed response=00000480
[RENODE] result=00000480 error=0
[RENODE] execute fn=48 data0=000000b5 data1=00000000
[CFU] execute fn=48 data0=000000b5 data1=00000000
[CFU] delayed response=00000480
[RENODE] result=00000480 error=0
[RENODE] execute fn=48 data0=000000b6 data1=00000000
[CFU] execute fn=48 data0=000000b6 data1=00000000
[CFU] delayed response=00000480
[RENODE] result=00000480 error=0
[RENODE] execute fn=48 data0=000000b7 data1=00000000
[CFU] execute fn=48 data0=000000b7 data1=00000000
[CFU] delayed response=00000480
[RENODE] result=00000480 error=0
[RENODE] execute fn=48 data0=000000b8 data1=00000000
[CFU] execute fn=48 data0=000000b8 data1=00000000
[CFU] delayed response=00000480
[RENODE] result=00000480 error=0
[RENODE] execute fn=48 data0=000000b9 data1=00000000
[CFU] execute fn=48 data0=000000b9 data1=00000000
[CFU] delayed response=00000480
[RENODE] result=00000480 error=0
[RENODE] execute fn=48 data0=000000ba data1=00000000
[CFU] execute fn=48 data0=000000ba data1=00000000
[CFU] delayed response=00000480
[RENODE] result=00000480 error=0
[RENODE] execute fn=48 data0=000000bb data1=00000000
[CFU] execute fn=48 data0=000000bb data1=00000000
[CFU] delayed response=00000480
[RENODE] result=00000480 error=0
[RENODE] execute fn=48 data0=000000bc data1=00000000
[CFU] execute fn=48 data0=000000bc data1=00000000
[CFU] delayed response=00000480
[RENODE] result=00000480 error=0
[RENODE] execute fn=48 data0=000000bd data1=00000000
[CFU] execute fn=48 data0=000000bd data1=00000000
[CFU] delayed response=00000480
[RENODE] result=00000480 error=0
[RENODE] execute fn=48 data0=000000be data1=00000000
[CFU] execute fn=48 data0=000000be data1=00000000
[CFU] delayed response=00000480
[RENODE] result=00000480 error=0
[RENODE] execute fn=48 data0=000000bf data1=00000000
[CFU] execute fn=48 data0=000000bf data1=00000000
[CFU] delayed response=00000480
[RENODE] result=00000480 error=0
[RENODE] execute fn=48 data0=000000c0 data1=00000000
[CFU] execute fn=48 data0=000000c0 data1=00000000
[CFU] delayed response=00000300
[RENODE] result=00000300 error=0
[RENODE] execute fn=48 data0=000000c1 data1=00000000
[CFU] execute fn=48 data0=000000c1 data1=00000000
[CFU] delayed response=00000300
[RENODE] result=00000300 error=0
[RENODE] execute fn=48 data0=000000c2 data1=00000000
[CFU] execute fn=48 data0=000000c2 data1=00000000
[CFU] delayed response=00000300
[RENODE] result=00000300 error=0
[RENODE] execute fn=48 data0=000000c3 data1=00000000
[CFU] execute fn=48 data0=000000c3 data1=00000000
[CFU] delayed response=00000300
[RENODE] result=00000300 error=0
[RENODE] execute fn=48 data0=000000c4 data1=00000000
[CFU] execute fn=48 data0=000000c4 data1=00000000
[CFU] delayed response=00000300
[RENODE] result=00000300 error=0
[RENODE] execute fn=48 data0=000000c5 data1=00000000
[CFU] execute fn=48 data0=000000c5 data1=00000000
[CFU] delayed response=00000300
[RENODE] result=00000300 error=0
[RENODE] execute fn=48 data0=000000c6 data1=00000000
[CFU] execute fn=48 data0=000000c6 data1=00000000
[CFU] delayed response=00000300
[RENODE] result=00000300 error=0
[RENODE] execute fn=48 data0=000000c7 data1=00000000
[CFU] execute fn=48 data0=000000c7 data1=00000000
[CFU] delayed response=00000300
[RENODE] result=00000300 error=0
[RENODE] execute fn=48 data0=000000c8 data1=00000000
[CFU] execute fn=48 data0=000000c8 data1=00000000
[CFU] delayed response=00000300
[RENODE] result=00000300 error=0
[RENODE] execute fn=48 data0=000000c9 data1=00000000
[CFU] execute fn=48 data0=000000c9 data1=00000000
[CFU] delayed response=00000300
[RENODE] result=00000300 error=0
[RENODE] execute fn=48 data0=000000ca data1=00000000
[CFU] execute fn=48 data0=000000ca data1=00000000
[CFU] delayed response=00000300
[RENODE] result=00000300 error=0
[RENODE] execute fn=48 data0=000000cb data1=00000000
[CFU] execute fn=48 data0=000000cb data1=00000000
[CFU] delayed response=00000300
[RENODE] result=00000300 error=0
[RENODE] execute fn=48 data0=000000cc data1=00000000
[CFU] execute fn=48 data0=000000cc data1=00000000
[CFU] delayed response=00000300
[RENODE] result=00000300 error=0
[RENODE] execute fn=48 data0=000000cd data1=00000000
[CFU] execute fn=48 data0=000000cd data1=00000000
[CFU] delayed response=00000300
[RENODE] result=00000300 error=0
[RENODE] execute fn=48 data0=000000ce data1=00000000
[CFU] execute fn=48 data0=000000ce data1=00000000
[CFU] delayed response=00000300
[RENODE] result=00000300 error=0
[RENODE] execute fn=48 data0=000000cf data1=00000000
[CFU] execute fn=48 data0=000000cf data1=00000000
[CFU] delayed response=00000300
[RENODE] result=00000300 error=0
[RENODE] execute fn=48 data0=000000d0 data1=00000000
[CFU] execute fn=48 data0=000000d0 data1=00000000
[CFU] delayed response=00000480
[RENODE] result=00000480 error=0
[RENODE] execute fn=48 data0=000000d1 data1=00000000
[CFU] execute fn=48 data0=000000d1 data1=00000000
[CFU] delayed response=00000480
[RENODE] result=00000480 error=0
[RENODE] execute fn=48 data0=000000d2 data1=00000000
[CFU] execute fn=48 data0=000000d2 data1=00000000
[CFU] delayed response=00000480
[RENODE] result=00000480 error=0
[RENODE] execute fn=48 data0=000000d3 data1=00000000
[CFU] execute fn=48 data0=000000d3 data1=00000000
[CFU] delayed response=00000480
[RENODE] result=00000480 error=0
[RENODE] execute fn=48 data0=000000d4 data1=00000000
[CFU] execute fn=48 data0=000000d4 data1=00000000
[CFU] delayed response=00000480
[RENODE] result=00000480 error=0
[RENODE] execute fn=48 data0=000000d5 data1=00000000
[CFU] execute fn=48 data0=000000d5 data1=00000000
[CFU] delayed response=00000480
[RENODE] result=00000480 error=0
[RENODE] execute fn=48 data0=000000d6 data1=00000000
[CFU] execute fn=48 data0=000000d6 data1=00000000
[CFU] delayed response=00000480
[RENODE] result=00000480 error=0
[RENODE] execute fn=48 data0=000000d7 data1=00000000
[CFU] execute fn=48 data0=000000d7 data1=00000000
[CFU] delayed response=00000480
[RENODE] result=00000480 error=0
[RENODE] execute fn=48 data0=000000d8 data1=00000000
[CFU] execute fn=48 data0=000000d8 data1=00000000
[CFU] delayed response=00000480
[RENODE] result=00000480 error=0
[RENODE] execute fn=48 data0=000000d9 data1=00000000
[CFU] execute fn=48 data0=000000d9 data1=00000000
[CFU] delayed response=00000480
[RENODE] result=00000480 error=0
[RENODE] execute fn=48 data0=000000da data1=00000000
[CFU] execute fn=48 data0=000000da data1=00000000
[CFU] delayed response=00000480
[RENODE] result=00000480 error=0
[RENODE] execute fn=48 data0=000000db data1=00000000
[CFU] execute fn=48 data0=000000db data1=00000000
[CFU] delayed response=00000480
[RENODE] result=00000480 error=0
[RENODE] execute fn=48 data0=000000dc data1=00000000
[CFU] execute fn=48 data0=000000dc data1=00000000
[CFU] delayed response=00000480
[RENODE] result=00000480 error=0
[RENODE] execute fn=48 data0=000000dd data1=00000000
[CFU] execute fn=48 data0=000000dd data1=00000000
[CFU] delayed response=00000480
[RENODE] result=00000480 error=0
[RENODE] execute fn=48 data0=000000de data1=00000000
[CFU] execute fn=48 data0=000000de data1=00000000
[CFU] delayed response=00000480
[RENODE] result=00000480 error=0
[RENODE] execute fn=48 data0=000000df data1=00000000
[CFU] execute fn=48 data0=000000df data1=00000000
[CFU] delayed response=00000480
[RENODE] result=00000480 error=0
[RENODE] execute fn=48 data0=000000e0 data1=00000000
[CFU] execute fn=48 data0=000000e0 data1=00000000
[CFU] delayed response=00000480
[RENODE] result=00000480 error=0
[RENODE] execute fn=48 data0=000000e1 data1=00000000
[CFU] execute fn=48 data0=000000e1 data1=00000000
[CFU] delayed response=00000480
[RENODE] result=00000480 error=0
[RENODE] execute fn=48 data0=000000e2 data1=00000000
[CFU] execute fn=48 data0=000000e2 data1=00000000
[CFU] delayed response=00000480
[RENODE] result=00000480 error=0
[RENODE] execute fn=48 data0=000000e3 data1=00000000
[CFU] execute fn=48 data0=000000e3 data1=00000000
[CFU] delayed response=00000480
[RENODE] result=00000480 error=0
[RENODE] execute fn=48 data0=000000e4 data1=00000000
[CFU] execute fn=48 data0=000000e4 data1=00000000
[CFU] delayed response=00000480
[RENODE] result=00000480 error=0
[RENODE] execute fn=48 data0=000000e5 data1=00000000
[CFU] execute fn=48 data0=000000e5 data1=00000000
[CFU] delayed response=00000480
[RENODE] result=00000480 error=0
[RENODE] execute fn=48 data0=000000e6 data1=00000000
[CFU] execute fn=48 data0=000000e6 data1=00000000
[CFU] delayed response=00000480
[RENODE] result=00000480 error=0
[RENODE] execute fn=48 data0=000000e7 data1=00000000
[CFU] execute fn=48 data0=000000e7 data1=00000000
[CFU] delayed response=00000480
[RENODE] result=00000480 error=0
[RENODE] execute fn=48 data0=000000e8 data1=00000000
[CFU] execute fn=48 data0=000000e8 data1=00000000
[CFU] delayed response=00000480
[RENODE] result=00000480 error=0
[RENODE] execute fn=48 data0=000000e9 data1=00000000
[CFU] execute fn=48 data0=000000e9 data1=00000000
[CFU] delayed response=00000480
[RENODE] result=00000480 error=0
[RENODE] execute fn=48 data0=000000ea data1=00000000
[CFU] execute fn=48 data0=000000ea data1=00000000
[CFU] delayed response=00000480
[RENODE] result=00000480 error=0
[RENODE] execute fn=48 data0=000000eb data1=00000000
[CFU] execute fn=48 data0=000000eb data1=00000000
[CFU] delayed response=00000480
[RENODE] result=00000480 error=0
[RENODE] execute fn=48 data0=000000ec data1=00000000
[CFU] execute fn=48 data0=000000ec data1=00000000
[CFU] delayed response=00000480
[RENODE] result=00000480 error=0
[RENODE] execute fn=48 data0=000000ed data1=00000000
[CFU] execute fn=48 data0=000000ed data1=00000000
[CFU] delayed response=00000480
[RENODE] result=00000480 error=0
[RENODE] execute fn=48 data0=000000ee data1=00000000
[CFU] execute fn=48 data0=000000ee data1=00000000
[CFU] delayed response=00000480
[RENODE] result=00000480 error=0
[RENODE] execute fn=48 data0=000000ef data1=00000000
[CFU] execute fn=48 data0=000000ef data1=00000000
[CFU] delayed response=00000480
[RENODE] result=00000480 error=0
[RENODE] execute fn=48 data0=000000f0 data1=00000000
[CFU] execute fn=48 data0=000000f0 data1=00000000
[CFU] delayed response=00000300
[RENODE] result=00000300 error=0
[RENODE] execute fn=48 data0=000000f1 data1=00000000
[CFU] execute fn=48 data0=000000f1 data1=00000000
[CFU] delayed response=00000300
[RENODE] result=00000300 error=0
[RENODE] execute fn=48 data0=000000f2 data1=00000000
[CFU] execute fn=48 data0=000000f2 data1=00000000
[CFU] delayed response=00000300
[RENODE] result=00000300 error=0
[RENODE] execute fn=48 data0=000000f3 data1=00000000
[CFU] execute fn=48 data0=000000f3 data1=00000000
[CFU] delayed response=00000300
[RENODE] result=00000300 error=0
[RENODE] execute fn=48 data0=000000f4 data1=00000000
[CFU] execute fn=48 data0=000000f4 data1=00000000
[CFU] delayed response=00000300
[RENODE] result=00000300 error=0
[RENODE] execute fn=48 data0=000000f5 data1=00000000
[CFU] execute fn=48 data0=000000f5 data1=00000000
[CFU] delayed response=00000300
[RENODE] result=00000300 error=0
[RENODE] execute fn=48 data0=000000f6 data1=00000000
[CFU] execute fn=48 data0=000000f6 data1=00000000
[CFU] delayed response=00000300
[RENODE] result=00000300 error=0
[RENODE] execute fn=48 data0=000000f7 data1=00000000
[CFU] execute fn=48 data0=000000f7 data1=00000000
[CFU] delayed response=00000300
[RENODE] result=00000300 error=0
[RENODE] execute fn=48 data0=000000f8 data1=00000000
[CFU] execute fn=48 data0=000000f8 data1=00000000
[CFU] delayed response=00000300
[RENODE] result=00000300 error=0
[RENODE] execute fn=48 data0=000000f9 data1=00000000
[CFU] execute fn=48 data0=000000f9 data1=00000000
[CFU] delayed response=00000300
[RENODE] result=00000300 error=0
[RENODE] execute fn=48 data0=000000fa data1=00000000
[CFU] execute fn=48 data0=000000fa data1=00000000
[CFU] delayed response=00000300
[RENODE] result=00000300 error=0
[RENODE] execute fn=48 data0=000000fb data1=00000000
[CFU] execute fn=48 data0=000000fb data1=00000000
[CFU] delayed response=00000300
[RENODE] result=00000300 error=0
[RENODE] execute fn=48 data0=000000fc data1=00000000
[CFU] execute fn=48 data0=000000fc data1=00000000
[CFU] delayed response=00000300
[RENODE] result=00000300 error=0
[RENODE] execute fn=48 data0=000000fd data1=00000000
[CFU] execute fn=48 data0=000000fd data1=00000000
[CFU] delayed response=00000300
[RENODE] result=00000300 error=0
[RENODE] execute fn=48 data0=000000fe data1=00000000
[CFU] execute fn=48 data0=000000fe data1=00000000
[CFU] delayed response=00000300
[RENODE] result=00000300 error=0
[RENODE] execute fn=48 data0=000000ff data1=00000000
[CFU] execute fn=48 data0=000000ff data1=00000000
[CFU] delayed response=00000300
[RENODE] result=00000300 error=0
21:05:57.0391 [INFO] uart: [host:     0.2s (+9.69ms)|virt: 2.8ms (+0.3ms)] Checking outputs...
21:05:57.0399 [INFO] uart: [host:     0.2s (+0.87ms)|virt: 2.9ms (+0.1ms)] PHASE10 PASS
21:05:57.1302 [INFO] uart: [host:   0.29s (+90.08ms)|virt:   0.2s (+0.2s)] RISC-V -> Renode -> CFU -> RTL verified.
^C
[33;1m(mnv2_depthwise_phase9b) [0mquit
[;032mR[0m[;032me[0m[;032mn[0m[;032mo[0m[;032md[0m[;032me[0m[;032m [0m[;032mi[0m[;032ms[0m[;032m [0m[;032mq[0m[;032mu[0m[;032mi[0m[;032mt[0m[;032mt[0m[;032mi[0m[;032mn[0m[;032mg[0m[;032m[0m[;032m
[0m[;032m[0m[0m[0m21:06:55.5581 [INFO] mnv2_depthwise_phase9b: Machine paused.
21:06:55.5706 [INFO] mnv2_depthwise_phase9b: Disposed.
